Id,ORGANIZATION,NAME,GENDER,SPECIALITY,ADDRESS,CITY,STATE,ZIP,LAT,LON,UTILIZATION
92e8e365-649d-3e98-a780-313214d374f4,ef58ea08-d883-3957-8300-150554edc8fb,Rosette746 Bruen238,F,GENERAL PRACTICE,60 HOSPITAL ROAD,LEOMINSTER,MA,01453,42.520838,-71.770876,16
8abe022c-32d9-3741-8196-04bf55b733e8,69176529-fd1f-3b3f-abce-a0a3626769eb,Janette321 Fisher429,F,GENERAL PRACTICE,330 MOUNT AUBURN STREET,CAMBRIDGE,MA,02138,42.375967,-71.118275,126
5c6c3f14-bfa5-3a14-8aab-0c6afe28b171,5e765f2b-e908-3888-9fc7-df2cb87beb58,Chauncey770 Steuber698,M,GENERAL PRACTICE,211 PARK STREET,ATTLEBORO,MA,02703,41.931653,-71.294503,125
f1d7bcad-b47d-33e4-874b-f82625c35ce3,e002090d-4e92-300e-b41e-7d1f21dee4c6,Víctor493 Noriega353,M,GENERAL PRACTICE,1493 CAMBRIDGE STREET,CAMBRIDGE,MA,02138,42.375967,-71.118275,6
9c9b1a99-01c6-3d2f-a806-770ed6d8bc67,8b58cdd1-3d79-3126-8fe0-da2c54d6805c,Margaret865 Herzog843,F,GENERAL PRACTICE,2100 DORCHESTER AVENUE,BOSTON,MA,02124,42.33196,-71.020173,32
d947e88a-22b7-3348-9697-752ed571b1cd,ecc51621-0af3-3b35-ac3e-8b1e34022e92,Carl856 Halvorson124,M,GENERAL PRACTICE,795 MIDDLE STREET,FALL RIVER,MA,02721,41.725351,-71.094162,3
a23f4afe-b8cf-3758-bc95-7a5a5bb5f124,5d4b9df1-93ae-3bc9-b680-03249990e558,Patricia625 Kilback373,F,GENERAL PRACTICE,575 BEECH STREET,HOLYOKE,MA,01040,42.211656,-72.642448,80
ea41a811-c839-3b65-bf7e-05e5d390f37d,08bcda9c-f8c8-3244-82d4-fc306a7a55d3,Jesus702 Crona259,M,GENERAL PRACTICE,1 BOSTON MEDICAL CENTER PLACE,BOSTON,MA,02118,42.33196,-71.020173,4
e67dede8-1150-349c-b136-57730ec1e849,37c0de84-bcaf-3624-82bf-a89b2ac441b8,Dinah304 Schaefer657,F,GENERAL PRACTICE,85 HERRICK STREET,BEVERLY,MA,01915,42.556659,-70.84496,300
5f2712f7-1b56-3ea1-b203-bf1e9f9d3db2,4861d01f-019c-3dac-a153-8334e50919f9,Jame231 Jacobi462,M,GENERAL PRACTICE,81 HIGHLAND AVENUE,SALEM,MA,01970,42.50128,-70.897502,5
66cc8867-8007-3b65-b6d2-ee5be7a94758,a0b6ec0c-e587-3b2a-bf9f-248849f29ee5,Edmundo94 Leffler128,M,GENERAL PRACTICE,736 CAMBRIDGE STREET,BRIGHTON,MA,02135,42.33196,-71.020173,128
b9d60636-ad11-3796-b2d3-6d3c703914a8,4f3a530e-a2f7-3de0-9a09-c0a70a9ab894,Mariano761 Pineda243,M,GENERAL PRACTICE,725 NORTH STREET,PITTSFIELD,MA,01201,42.452045,-73.26054,75
cb919df6-a519-34ff-b490-2b86163061dc,f71ce1a9-cca7-3295-9a1e-c88ac3479b6f,Marvin195 Glover433,M,GENERAL PRACTICE,157 UNION STREET,MARLBOROUGH,MA,01752,42.349617,-71.547214,280
0c11ac97-2c7b-3c4a-afd2-15db140dab5b,b1ddf812-1fdd-3adf-b1d5-32cc8bd07ebb,Ingrid581 Jacobson885,F,GENERAL PRACTICE,275 SANDWICH STREET,PLYMOUTH,MA,02360,41.897892,-70.62403,819
d7b704bf-3c36-39bb-b751-9ddf71f78906,b0e04623-b02c-3f8b-92ea-943fc4db60da,Dong972 Oberbrunner298,M,GENERAL PRACTICE,295 VARNUM AVENUE,LOWELL,MA,01854,42.638893,-71.32210699999997,36
1e8c8062-371d-3855-8d77-14cf30c43a6a,fd328395-ab1d-35c6-a2d0-d05a9a79cf11,Douglass930 Windler79,M,GENERAL PRACTICE,271 CAREW STREET,SPRINGFIELD,MA,01104,42.115454,-72.539978,2
3092300a-491e-3c2d-9868-f409b908ffbc,d692e283-0833-3201-8e55-4f868a9c0736,Berry486 Borer986,M,GENERAL PRACTICE,585 LEBANON STREET,MELROSE,MA,02176,42.455723,-71.05901899999998,21
f7c4446a-5110-3110-8d04-0cb84b1d21cb,d78e84ec-30aa-3bba-a33a-f29a3a454662,Jaclyn627 Kuhic920,F,GENERAL PRACTICE,55 FRUIT STREET,BOSTON,MA,02114,42.33196,-71.020173,3
4b444024-52f3-3ed4-b32c-9cff36e7c34f,23834663-ed53-3da9-b330-d6e1ecb8428e,Isreal8 Kihn564,M,GENERAL PRACTICE,363 HIGHLAND AVENUE,FALL RIVER,MA,02720,41.725351,-71.094162,1
eaa37d9c-cf1c-3670-b747-1f3761ac6dea,44bef9d3-91c2-3005-93e0-ccf436348ff0,Harris789 Blanda868,M,GENERAL PRACTICE,243 CHARLES STREET,BOSTON,MA,02114,42.33196,-71.020173,25
d49a7920-9f22-3525-a23d-1969eae3cf85,60457c13-adb2-3415-82c5-86ab5dab5f93,Margery365 Paucek755,F,GENERAL PRACTICE,759 CHESTNUT STREET,SPRINGFIELD,MA,01199,42.115454,-72.539978,5
58b52432-642c-371c-acfd-f07ac2c9b2ee,a9f20dc1-5147-3789-bcef-bbecb41c5983,Deon400 Schulist381,M,GENERAL PRACTICE,70 EAST STREET,METHUEN,MA,01844,42.742751,-71.178588,30
8ba3917a-ced4-30db-a825-b60bc5e8ad7f,cb6a50e0-af76-3758-99ad-3200ede03fff,Lorenzo669 Cummings51,M,GENERAL PRACTICE,330 BROOKLINE AVENUE,BOSTON,MA,02215,42.33196,-71.020173,6
acdb49f4-1a8d-3f61-a9ea-3e78bc10d804,24cb4eab-6166-3530-bddc-a5a8a14a4fc1,Wilton999 Pollich983,M,GENERAL PRACTICE,14 PROSPECT STREET,MILFORD,MA,01757,42.158692,-71.521419,294
f9e523ec-d752-3588-8a81-9fc6dd713bd3,e44f438a-601b-30fb-85eb-bfaf8ddcb5ad,Domenica436 Tremblay80,F,GENERAL PRACTICE,242 GREEN STREET,GARDNER,MA,01440,42.586516,-71.988062,183
9f8c51ea-182a-39fa-9327-b8ae4e262d42,ac8356a5-78f8-3a63-8a1e-59e832fd54e7,Grady603 Green467,M,GENERAL PRACTICE,200 GROTON ROAD,AYER,MA,01432,42.562221,-71.58484399999998,40
fcbfaac6-3e4a-3446-b760-20ca7b0116ae,db0acede-4abe-3c01-8d03-5c68a190d8c7,Amira620 Nienow652,F,GENERAL PRACTICE,55 FOGG ROAD,SOUTH WEYMOUTH,MA,02190,42.24158900000001,-71.082651,26
29da94b4-75a8-34bb-a72b-96d7e319898f,3d10019f-c88e-3de5-9916-6107b9c0263d,Van763 Franecki195,F,GENERAL PRACTICE,2014 WASHINGTON STREET,NEWTON,MA,02462,42.331876,-71.208402,22
e3618126-6006-37fa-885e-a3b4b9a4a1d6,f4e7709c-02f6-37ca-aeea-8247d74e88e7,Leonie332 Hirthe744,F,GENERAL PRACTICE,41 HIGHLAND AVENUE,WINCHESTER,MA,01890,42.452752,-71.144319,98
0c7abd03-007b-361f-94f9-8f4a36b8efff,12c9daf5-a29c-36c9-ac55-28972463e566,Marcos263 Arroyo916,M,GENERAL PRACTICE,199 REEDSDALE ROAD,MILTON,MA,02186,42.24158900000001,-71.082651,12
10726421-8415-3994-a547-7600c8544d4e,d5117822-5756-389d-9547-891a372d580f,Regena252 Kunde533,F,GENERAL PRACTICE,67 & 100 TER HEUN DRIVE,FALMOUTH,MA,02540,41.57072,-70.556682,1295
2f10aacf-723e-3335-9f3b-ba184a2789f0,6f122869-a856-3d65-8db9-099bf4f5bbb8,Jarrod316 Crooks415,M,GENERAL PRACTICE,41 & 45 MALL ROAD,BURLINGTON,MA,01803,42.503227,-71.201713,9
fc1400e2-53a4-3007-857b-84f59637e599,465de31f-3098-365c-af70-48a071e1f5aa,Houston994 Schiller186,M,GENERAL PRACTICE,115 LINCOLN STREET,FRAMINGHAM,MA,01701,42.307905,-71.436196,431
6232b7e2-a7ec-38b0-b174-39664ee5872b,80e919cc-df1a-3838-b75e-541564a286e5,Leesa210 Lehner980,F,GENERAL PRACTICE,57 PROSPECT STREET,NANTUCKET,MA,02554,41.293416,-70.10216899999999,151
91892f7e-68c1-342f-ab70-5511d19096c9,5103c940-0c08-392f-95cd-446e0cea042a,Harris789 Funk324,M,GENERAL PRACTICE,516 CAREW STREET,SPRINGFIELD,MA,01104,42.115454,-72.539978,20
bd41404d-5f17-32ab-9f15-8686af12b665,ff9863d3-3fa3-3861-900e-f00148f5d9c2,Linsey338 Hilll811,F,GENERAL PRACTICE,51 BLOSSOM STREET,BOSTON,MA,02114,42.33196,-71.020173,99
379a69a3-1b05-38f2-ab28-8bc8553492e8,be4c63f3-8d38-3fa9-a183-62045b5c85f6,Aron520 Botsford977,M,GENERAL PRACTICE,150 South Huntington Avenue,Jamaica Plain,MA,02130,42.32809,-71.11076,36
c3916c3f-afa4-3861-9d9b-6c30d7a65f53,5259a506-b80b-3ed5-9c30-83188eabf33e,Riley817 Dicki44,M,GENERAL PRACTICE,881 Main Street,Fitchburg,MA,01420,42.586487,-71.80521,2
cc207119-6a70-31ea-acea-52420c70ecdc,96b4c0c9-8d37-3e0b-86e2-2cae96fc19f0,Suzann567 Price929,F,CLINICAL SOCIAL WORKER,1645 FALMOUTH RD,CENTERVILLE,MA,02632-2935,41.662727,-70.357208,0
d795e655-6801-3ce2-b3c2-f5c1be8e0713,96b4c0c9-8d37-3e0b-86e2-2cae96fc19f0,Yong583 Larkin917,M,CLINICAL SOCIAL WORKER,1645 FALMOUTH RD,CENTERVILLE,MA,02632-2935,41.662727,-70.357208,0
a48ea24d-7497-31a7-a611-97e19522e74c,96b4c0c9-8d37-3e0b-86e2-2cae96fc19f0,Suzann567 Price929,F,GENERAL PRACTICE,1645 FALMOUTH RD,CENTERVILLE,MA,02632-2935,41.662727,-70.357208,3
dc7896fa-3dde-3343-a570-15172131d318,df98ec89-56ee-380f-9f1d-671ef1039720,Gabriel934 Barajas558,M,OPTOMETRY,10 TECHNOLOGY DR,HUDSON,MA,01749-2791,42.389071,-71.545864,0
fe1748e1-4e5f-3135-b176-3a318a256d49,df98ec89-56ee-380f-9f1d-671ef1039720,Eduardo902 Schoen8,M,OPTOMETRY,10 TECHNOLOGY DR,HUDSON,MA,01749-2791,42.389071,-71.545864,0
fedee3a9-f6a0-3501-8641-f1c674cdd7ab,df98ec89-56ee-380f-9f1d-671ef1039720,Quinton758 Runte676,M,GENERAL PRACTICE,10 TECHNOLOGY DR,HUDSON,MA,01749-2791,42.389071,-71.545864,31
33581d17-8751-3831-bc32-1f241eab6beb,daa4c408-5fc5-32a8-881e-12181e8b8598,Alexa171 Renner328,F,PSYCHIATRY,11 PROSPECT ST,SHERBORN,MA,01770-1302,42.231947,-71.372963,0
3f9a7bb0-c1d7-35c1-87f3-4ca54af8cc3a,daa4c408-5fc5-32a8-881e-12181e8b8598,Jere230 Renner328,M,GENERAL PRACTICE,11 PROSPECT ST,SHERBORN,MA,01770-1302,42.231947,-71.372963,39
52c13889-37ab-34ca-9c97-d2ede210bfb7,72357382-262f-30d7-a630-ca9f988516e1,Gonzalo160 Christiansen251,M,CLINICAL SOCIAL WORKER,254 SHORE RD K,BOURNE,MA,02532-4104,41.717459999999996,-70.591824,0
1ea51496-5302-3e15-8998-631dab85f6c2,72357382-262f-30d7-a630-ca9f988516e1,Daniela614 Alicea505,F,GENERAL PRACTICE,254 SHORE RD K,BOURNE,MA,02532-4104,41.717459999999996,-70.591824,57
bdeb7aa5-8bac-3b22-b217-26b5273f4275,641bb7d9-b068-3b05-80d8-b830bedcad94,Craig656 Pouros728,M,OPTOMETRY,13 OLD S RD,NANTUCKET,MA,02554-6065,41.293416,-70.10216899999999,0
04389e5a-c833-3128-8a72-ce380f233444,641bb7d9-b068-3b05-80d8-b830bedcad94,Lewis216 Langosh790,F,OPTOMETRY,13 OLD S RD,NANTUCKET,MA,02554-6065,41.293416,-70.10216899999999,0
12f6bbbb-3039-306e-a6f2-977ce526311a,641bb7d9-b068-3b05-80d8-b830bedcad94,Madelene819 Pouros728,F,GENERAL PRACTICE,13 OLD S RD,NANTUCKET,MA,02554-6065,41.293416,-70.10216899999999,83
6b92e247-83b1-3b65-b17d-a787946e8e03,f09158e0-042f-381f-8e22-05b849bbd48b,Hortencia577 Torphy630,F,GENERAL PRACTICE,49 ROBINWOOD AVE,JAMAICA PLAIN,MA,02130-2156,42.33196,-71.020173,37
9a7235ed-568b-385f-9e45-ae990b5a04b4,d0a5dc0d-efe6-3172-b0ca-db2d437248d9,Dolly486 Shanahan202,F,CLINICAL SOCIAL WORKER,3040 FALMOUTH RD,OSTERVILLE,MA,02655-1249,41.662727,-70.357208,0
3f7ab877-3142-34ce-b666-e2a107ec6899,d0a5dc0d-efe6-3172-b0ca-db2d437248d9,Seymour882 Nolan344,M,CLINICAL SOCIAL WORKER,3040 FALMOUTH RD,OSTERVILLE,MA,02655-1249,41.662727,-70.357208,0
ba8c1caa-e271-38e0-bdd2-2abefa6303cf,d0a5dc0d-efe6-3172-b0ca-db2d437248d9,Lindsay928 Shanahan202,M,GENERAL PRACTICE,3040 FALMOUTH RD,OSTERVILLE,MA,02655-1249,41.662727,-70.357208,96
53bd02ac-dd66-3a31-9cd4-c43148afc2b0,1607e74e-eb20-3211-9558-1005aac29c94,Brigitte394 Gleichner915,F,CHIROPRACTIC,1 PLEASANT ST,MAYNARD,MA,01754-1360,42.425955,-71.45625600000001,0
64f024a8-5f13-33db-a240-1802823503b0,1607e74e-eb20-3211-9558-1005aac29c94,Brigitte394 Gleichner915,F,PHYSICAL THERAPY,1 PLEASANT ST,MAYNARD,MA,01754-1360,42.425955,-71.45625600000001,0
620d345d-8e77-339d-af55-4c931b3a8e1e,1607e74e-eb20-3211-9558-1005aac29c94,Royce974 Gleichner915,M,GENERAL PRACTICE,1 PLEASANT ST,MAYNARD,MA,01754-1360,42.425955,-71.45625600000001,12
ce0ed0fd-156b-3d91-be04-09df603a93f4,fc366e37-d120-33a3-9d13-a2871951a9b9,Berry486 Lesch175,M,CHIROPRACTIC,765 NEWMAN AVE,SEEKONK,MA,02771-4421,41.839797999999995,-71.31804699999999,0
f04a6a19-907e-3016-8eb8-1d6d474acc24,fc366e37-d120-33a3-9d13-a2871951a9b9,Berry486 Lesch175,M,GENERAL PRACTICE,765 NEWMAN AVE,SEEKONK,MA,02771-4421,41.839797999999995,-71.31804699999999,64
a2c54940-cec2-3fd2-872a-c42d5299d434,1fde85e4-d4ad-3df7-8b63-5da077f83680,Norris589 Moen819,M,CLINICAL PSYCHOLOGIST,489 ARLINGTON ST,DRACUT,MA,01826-5228,42.679722999999996,-71.30068,0
91003266-7d6b-3b35-ac22-22b64cee7868,1fde85e4-d4ad-3df7-8b63-5da077f83680,Mikki421 Moen819,F,GENERAL PRACTICE,489 ARLINGTON ST,DRACUT,MA,01826-5228,42.679722999999996,-71.30068,22
29305282-6286-3913-b7c9-235911abc5e1,23ae9af5-8904-3b84-9ce1-61b0c59646c2,Kit446 Hahn503,F,CLINICAL PSYCHOLOGIST,3193 CRANBERRY HWY,E WAREHAM,MA,02538-4707,41.793699,-70.638745,0
a1df78ea-7a75-3f58-bc6c-12ed67432892,23ae9af5-8904-3b84-9ce1-61b0c59646c2,Gaston250 Hahn503,M,GENERAL PRACTICE,3193 CRANBERRY HWY,E WAREHAM,MA,02538-4707,41.793699,-70.638745,60
c17a3de6-eb1c-3eab-b739-7071cec56b96,b12b6bf7-0cfd-3450-9552-82999bb8a322,Lashay246 Keeling57,F,GENERAL PRACTICE,881 S ST,FITCHBURG,MA,01420-6252,42.601977000000005,-71.81586999999999,28
b98d90a3-a43a-316a-bb4a-df5db0c814b0,337fcc9c-e7b4-36d8-9040-8506236f4bdf,Rosalind66 Fisher429,F,CHIROPRACTIC,321 WASHINGTON ST,GLOUCESTER,MA,01930-3523,42.62885,-70.685875,0
9da7ad30-af25-3715-8657-fa3332378652,337fcc9c-e7b4-36d8-9040-8506236f4bdf,Margie619 Beier427,F,CHIROPRACTIC,321 WASHINGTON ST,GLOUCESTER,MA,01930-3523,42.62885,-70.685875,0
2eeabccd-f43e-307e-baf4-f29451b3b60c,337fcc9c-e7b4-36d8-9040-8506236f4bdf,Humberto482 Fisher429,M,GENERAL PRACTICE,321 WASHINGTON ST,GLOUCESTER,MA,01930-3523,42.62885,-70.685875,14
db7da9ce-be87-3d20-8a4d-e4b584ed3c1c,2a72671f-f4c3-3260-9593-da40473f9afe,Ervin886 Collins926,M,GENERAL PRACTICE,311 SERVICE RD,EAST SANDWICH,MA,02537-1370,41.734214,-70.430683,40
35f88946-cc3d-3cfc-88ff-87e05006e1f3,ecdc917d-a909-3a96-81b7-d6463b45afa5,Tanner110 Rolfson709,M,OPTOMETRY,113 CTR ST,CHICOPEE,MA,01013-1667,42.175668,-72.572257,0
ed80bcc9-0064-36a2-a3a1-ee85dc1e5869,ecdc917d-a909-3a96-81b7-d6463b45afa5,Randi364 Schamberger479,F,OPTOMETRY,113 CTR ST,CHICOPEE,MA,01013-1667,42.175668,-72.572257,0
6c78e98c-ad88-3c10-8b66-154bb0b4ee28,ecdc917d-a909-3a96-81b7-d6463b45afa5,Jenee387 Bradtke547,F,OPTOMETRY,113 CTR ST,CHICOPEE,MA,01013-1667,42.175668,-72.572257,0
913549f0-42a2-35e3-88be-79541324ef42,ecdc917d-a909-3a96-81b7-d6463b45afa5,Wilbert25 VonRueden376,M,OPTOMETRY,113 CTR ST,CHICOPEE,MA,01013-1667,42.175668,-72.572257,0
0089d9a5-d6f5-33b6-ad5d-cf26d0ff56e7,ecdc917d-a909-3a96-81b7-d6463b45afa5,Samatha845 Rolfson709,F,GENERAL PRACTICE,113 CTR ST,CHICOPEE,MA,01013-1667,42.175668,-72.572257,11
ea966b76-5531-34cb-88da-ee01e259f3be,fd7e071a-f849-3bab-9e17-cba7ab618780,Cristian531 Juárez383,M,CLINICAL SOCIAL WORKER,6 TALL PINES DR,YARMOUTH PORT,MA,02675-2517,41.706920000000004,-70.221117,0
0f9253d3-49b7-30d9-ac9d-dd6f3b6b94d9,fd7e071a-f849-3bab-9e17-cba7ab618780,Irene779 Juárez383,F,GENERAL PRACTICE,6 TALL PINES DR,YARMOUTH PORT,MA,02675-2517,41.706920000000004,-70.221117,84
7db64ae6-c779-30f1-b9db-99906436a739,0f4f2051-b1f7-3e83-854a-5bff136057b4,Grover559 Kertzmann286,M,GENERAL PRACTICE,115 MILL ST,BELMONT,MA,02478-1064,42.395317,-71.180284,28
376245ea-6993-35b8-80d1-d9aee50727f6,e80228d0-1e28-39a2-b665-6596a5567c24,Lory442 Nicolas769,F,CLINICAL SOCIAL WORKER,243 MAIN ST,BUZZARDS BAY,MA,02532-3234,41.75495,-70.616158,0
a9ca9241-3f25-3dfa-8883-956c85a917d5,e80228d0-1e28-39a2-b665-6596a5567c24,Carlos172 Nicolas769,M,GENERAL PRACTICE,243 MAIN ST,BUZZARDS BAY,MA,02532-3234,41.75495,-70.616158,60
8964ec61-90a4-379a-9f7b-64238b5683a4,35a49dfd-7ce3-3ef2-bbb3-eab67a5f26c3,Manual570 Doyle959,M,ORAL SURGERY,2 ANDOVER RD,BILLERICA,MA,01821-1916,42.559673,-71.260947,0
baaf9103-5c88-3a6d-bd01-386bb1a9dac3,35a49dfd-7ce3-3ef2-bbb3-eab67a5f26c3,Lauran65 Ferry570,F,ORAL SURGERY,2 ANDOVER RD,BILLERICA,MA,01821-1916,42.559673,-71.260947,0
d3e74698-d0c5-3415-8ae8-8cddac9d8d0f,35a49dfd-7ce3-3ef2-bbb3-eab67a5f26c3,Myong12 Doyle959,F,MAXILLOFACIAL SURGERY,2 ANDOVER RD,BILLERICA,MA,01821-1916,42.559673,-71.260947,0
2c6a1134-71e0-3a37-a433-b74b13556287,35a49dfd-7ce3-3ef2-bbb3-eab67a5f26c3,Manual570 Doyle959,M,GENERAL PRACTICE,2 ANDOVER RD,BILLERICA,MA,01821-1916,42.559673,-71.260947,24
e8d2c1de-41d8-39f9-8501-92af85c8edf8,214935b6-3ba3-31a9-9d96-56095ee9654a,Sommer719 Hilpert278,F,GENERAL PRACTICE,403 HIGHLAND AVE,SOMERVILLE,MA,02144-2530,42.390445,-71.101033,15
60d1d6d1-586e-310d-9293-b419adaeb2ec,252ab022-9f25-316c-b0fc-ccc5240c5a7b,Vincenza112 Boyle917,F,PODIATRY,253 SALEM ST,MALDEN,MA,02148-4118,42.42938,-71.058706,0
6e5d8e73-c23b-3507-83f5-a7dc4724002c,252ab022-9f25-316c-b0fc-ccc5240c5a7b,Thora330 Von197,F,PODIATRY,253 SALEM ST,MALDEN,MA,02148-4118,42.42938,-71.058706,0
03591070-2274-31aa-8e33-649ba661d172,252ab022-9f25-316c-b0fc-ccc5240c5a7b,Vincenza112 Boyle917,F,GENERAL PRACTICE,253 SALEM ST,MALDEN,MA,02148-4118,42.42938,-71.058706,44
fd6617e5-77a9-33d5-992a-cca78e95cd00,12ace70e-91ed-35c1-a943-afb8f4976c0e,Rosie394 Goodwin327,F,CLINICAL PSYCHOLOGIST,57 HIGHLAND AVE,SALEM,MA,01970-2141,42.499248,-70.898204,0
dd60cfa2-08d7-3ca2-a90e-461e14ce4209,12ace70e-91ed-35c1-a943-afb8f4976c0e,Myles862 Botsford977,M,CLINICAL PSYCHOLOGIST,57 HIGHLAND AVE,SALEM,MA,01970-2141,42.499248,-70.898204,0
00b9f4d5-1333-39d2-8c4a-92b75520dd3b,12ace70e-91ed-35c1-a943-afb8f4976c0e,Hugo693 Goodwin327,M,GENERAL PRACTICE,57 HIGHLAND AVE,SALEM,MA,01970-2141,42.499248,-70.898204,14
72eab117-e681-31f5-af50-c69225eee5b3,31196748-e7b9-34fa-86c2-cd511fbe672e,Ellis535 Champlin946,M,GENERAL PRACTICE,30 CONWELL ST,PROVINCETOWN,MA,02657-1548,42.056913,-70.190488,40
bd5796c3-09de-3aa7-a63c-8dad753dab82,ce12c1eb-5d14-3612-b1b9-d52b3d595935,Amada498 Corkery305,F,GENERAL PRACTICE,83 HERRICK ST,BEVERLY,MA,01915-2757,42.556659,-70.84496,33
0c3976da-70e5-39fd-b91c-71b5d667134c,e36a2696-9536-3406-b927-3b768368b7e9,Inger271 Ferry570,F,OPTOMETRY,90 PLEASANT VALLEY ST,METHUEN,MA,01844-7289,42.742751,-71.178588,0
70586e52-9665-34ab-86bd-95a685349744,e36a2696-9536-3406-b927-3b768368b7e9,Georgianna701 Beer512,F,OPTOMETRY,90 PLEASANT VALLEY ST,METHUEN,MA,01844-7289,42.742751,-71.178588,0
36396b49-a3fc-30a1-823e-d7a28b523f86,e36a2696-9536-3406-b927-3b768368b7e9,Inger271 Ferry570,F,GENERAL PRACTICE,90 PLEASANT VALLEY ST,METHUEN,MA,01844-7289,42.742751,-71.178588,29
cc36f099-777b-35de-a235-2e39b833aa2f,ea2056db-8ca2-3afa-8799-22d89243493f,Sherrell611 Bergstrom287,F,GENERAL PRACTICE,179 BEAR HILL RD,WALTHAM,MA,02451-1063,42.388921,-71.24226800000001,28
c0f45612-91c0-3104-b0df-2c27523ab480,9ffe9a94-a8c2-3314-bf1a-e24bfe7ba23b,Tim88 Smith67,M,GENERAL PRACTICE,61 LINCOLN ST,FRAMINGHAM,MA,01702-8264,42.307905,-71.436196,56
a9fceb14-bacf-3453-9b43-3bd39975186e,80c3d9a3-d516-353d-879f-16a198143b61,Raelene218 Mertz280,F,CHIROPRACTIC,251 W CENTRAL ST,NATICK,MA,01760-3758,42.284822,-71.348811,0
784e0ae7-a487-3148-ba3e-3d4344b632f5,80c3d9a3-d516-353d-879f-16a198143b61,Noble66 Nader710,M,CHIROPRACTIC,251 W CENTRAL ST,NATICK,MA,01760-3758,42.284822,-71.348811,0
98557349-b355-3fb4-a10f-1749b5cde143,80c3d9a3-d516-353d-879f-16a198143b61,Ivan258 Mertz280,M,PHYSICAL THERAPY,251 W CENTRAL ST,NATICK,MA,01760-3758,42.284822,-71.348811,0
fc607e14-678b-3601-9ba8-ef3fbf0505a3,80c3d9a3-d516-353d-879f-16a198143b61,Nicola388 Nader710,F,PHYSICAL THERAPY,251 W CENTRAL ST,NATICK,MA,01760-3758,42.284822,-71.348811,0
d4158a05-2f98-3ac0-9cef-9ba081d0b4d4,80c3d9a3-d516-353d-879f-16a198143b61,Ivan258 Mertz280,M,GENERAL PRACTICE,251 W CENTRAL ST,NATICK,MA,01760-3758,42.284822,-71.348811,14
5362a13b-d68e-3fcd-814d-73d622e260e2,cc7f65a8-6edd-3dd5-8999-a3f06a5f21b5,Dinah304 Tillman293,F,GENERAL PRACTICE,200 N MAIN ST,EAST LONGMEADOW,MA,01028-2354,42.062378,-72.498111,38
a0f1239e-ff27-329d-94bb-cdd4caf76b3c,684cad81-eace-39f3-b257-01556300c06f,Janiece99 Parker433,F,GENERAL PRACTICE,345 NEPONSET ST,CANTON,MA,02021-1940,42.175737,-71.125385,38
204c4a0c-cda9-3aff-ba04-240204c1461a,df307868-cb89-31d5-8894-1ddbc7f7fbda,Shane235 Fay398,M,CHIROPRACTIC,118 GREAT RD,STOW,MA,01775-1190,42.429688,-71.512514,0
37a2536a-36d1-35a4-b050-c8421e18333e,df307868-cb89-31d5-8894-1ddbc7f7fbda,Cristi782 Beatty507,F,CHIROPRACTIC,118 GREAT RD,STOW,MA,01775-1190,42.429688,-71.512514,0
ef5b4f53-a193-32bb-b9f6-ac59d009c508,df307868-cb89-31d5-8894-1ddbc7f7fbda,Divina723 Fay398,F,GENERAL PRACTICE,118 GREAT RD,STOW,MA,01775-1190,42.429688,-71.512514,42
15d20933-e7fd-378f-8388-3c38765c2365,fbbf379a-2cf8-3818-b3ff-62f88d68ce77,Fatima244 Goyette777,F,GENERAL PRACTICE,11 TREMONT ST,KINGSTON,MA,02364-1231,41.987196000000004,-70.74194200000001,53
de6ad2dd-b17f-3a51-b426-8a2b046a3334,fbbf379a-2cf8-3818-b3ff-62f88d68ce77,Homero668 Aragón562,M,INTERNAL MEDICINE,11 TREMONT ST,KINGSTON,MA,02364-1231,41.987196000000004,-70.74194200000001,0
71618c99-3bb8-350b-b3eb-1b75b964e329,3ed98587-8c4c-33b4-9cbe-ec7fc451d2b6,Damian46 Rosenbaum794,M,GENERAL PRACTICE,242 JOHN WISE AVE,ESSEX,MA,01929-1027,42.64042,-70.77117199999999,33
4ed789d0-faba-36ab-a56f-4d9e994a7210,3ed98587-8c4c-33b4-9cbe-ec7fc451d2b6,Lawana430 Rosenbaum794,F,INTERNAL MEDICINE,242 JOHN WISE AVE,ESSEX,MA,01929-1027,42.64042,-70.77117199999999,0
88c17a63-719b-334b-a691-d3168f31e3a3,045f8f40-8a09-3de3-90ff-3d4783ae8a7f,Hye44 Wuckert783,F,FAMILY PRACTICE,118 WATERHOUSE RD,BOURNE,MA,02532-8305,41.717459999999996,-70.591824,0
29eb092d-4f92-322d-a596-250cd9149e7c,045f8f40-8a09-3de3-90ff-3d4783ae8a7f,Jamel269 Schmeler639,M,FAMILY PRACTICE,118 WATERHOUSE RD,BOURNE,MA,02532-8305,41.717459999999996,-70.591824,0
8bbec7d7-0cd3-3437-8280-59393e62bc17,045f8f40-8a09-3de3-90ff-3d4783ae8a7f,Hye44 Wuckert783,F,GENERAL PRACTICE,118 WATERHOUSE RD,BOURNE,MA,02532-8305,41.717459999999996,-70.591824,70
1a1d5967-7371-3604-8572-7c2b30251a42,30b4f3d3-716c-31b6-805d-6e9a19433f6b,Hector463 Blick895,M,PHYSICAL THERAPY,31 UNION AVE,SUDBURY,MA,01776-2269,42.383367,-71.42107,0
5aef64ee-6f80-3b76-ac39-b3a6b45c0146,30b4f3d3-716c-31b6-805d-6e9a19433f6b,Cyndi533 Blick895,F,GENERAL PRACTICE,31 UNION AVE,SUDBURY,MA,01776-2269,42.383367,-71.42107,63
8d39346d-6dee-38ef-b3f7-bec535285f40,18c9efe7-ec0e-3c35-b58d-738000e2036e,Faviola526 Rath779,F,PHYSICAL THERAPY,44 RIVULET ST,UXBRIDGE,MA,01569-3134,42.061166,-71.643628,0
472e201a-c0ad-3442-afd4-110fb6517403,18c9efe7-ec0e-3c35-b58d-738000e2036e,Faviola526 Rath779,F,GENERAL PRACTICE,44 RIVULET ST,UXBRIDGE,MA,01569-3134,42.061166,-71.643628,35
cb022f2c-fca1-366f-9b10-3dc525e85104,822a6b9f-da15-3cc4-8436-ab61474f19fd,Tim88 Gottlieb798,M,GENERAL PRACTICE,55 HOSPITAL DR,WINCHENDON,MA,01475-1820,42.66816,-72.055644,61
257e45fa-0ed4-3a83-8406-a85b7e41162b,c13aae5c-3443-371c-a343-60f2c46d6852,Carin553 Wintheiser220,F,GENERAL PRACTICE,12 CANDLEWOOD LN,DENNIS PORT,MA,02639-1334,41.666903999999995,-70.135645,37
0295dcfd-3bb5-3ffd-93fa-195801458e2e,c13aae5c-3443-371c-a343-60f2c46d6852,Carin553 Wintheiser220,F,CLINICAL NURSE SPECIALIST,12 CANDLEWOOD LN,DENNIS PORT,MA,02639-1334,41.666903999999995,-70.135645,0
05ab5ef8-8252-3817-a64d-50fccf34b0d6,c13aae5c-3443-371c-a343-60f2c46d6852,Avis183 Sawayn19,F,CLINICAL NURSE SPECIALIST,12 CANDLEWOOD LN,DENNIS PORT,MA,02639-1334,41.666903999999995,-70.135645,0
9d34c98a-4898-3bfc-8d03-59c5fe522b76,242e5bbe-87a7-3a15-8847-8ff68aba0c09,Sharee66 Harris789,F,GENERAL PRACTICE,33 N ST,DALTON,MA,01226-1202,42.479819,-73.15377600000001,32
d2624b6a-6b9c-310a-ac84-d409f839a7c8,242e5bbe-87a7-3a15-8847-8ff68aba0c09,Michale231 Harris789,M,INTERNAL MEDICINE,33 N ST,DALTON,MA,01226-1202,42.479819,-73.15377600000001,0
6f1ba404-bb4b-31ce-ab54-b3ed6efcae82,242e5bbe-87a7-3a15-8847-8ff68aba0c09,Tyler508 Corwin846,M,INTERNAL MEDICINE,33 N ST,DALTON,MA,01226-1202,42.479819,-73.15377600000001,0
2d19d489-034b-32df-a1cf-0acbc6ae5992,242e5bbe-87a7-3a15-8847-8ff68aba0c09,Jefferey580 Koelpin146,M,INTERNAL MEDICINE,33 N ST,DALTON,MA,01226-1202,42.479819,-73.15377600000001,0
0501508d-8b83-3a60-8028-78a554667337,b3661782-f15b-3733-aec0-48bc100379f8,Etha376 Littel644,F,NURSE PRACTITIONER,1010 S MAIN ST,FALL RIVER,MA,02724-2855,41.725351,-71.094162,0
7f577233-4463-3f8a-8f3b-027fb5690f58,b3661782-f15b-3733-aec0-48bc100379f8,José Eduardo181 Castillo397,M,NURSE PRACTITIONER,1010 S MAIN ST,FALL RIVER,MA,02724-2855,41.725351,-71.094162,0
7fcb78f5-25e2-305f-bdf2-fbb5b8acb34c,b3661782-f15b-3733-aec0-48bc100379f8,Kristian973 Pfeffer420,F,NURSE PRACTITIONER,1010 S MAIN ST,FALL RIVER,MA,02724-2855,41.725351,-71.094162,0
db355ecf-de4f-3b5d-b37e-9493af047e22,b3661782-f15b-3733-aec0-48bc100379f8,Kieth891 Labadie908,M,NURSE PRACTITIONER,1010 S MAIN ST,FALL RIVER,MA,02724-2855,41.725351,-71.094162,0
de01bb9c-9f00-3b9d-a76c-05b5ce28449d,b3661782-f15b-3733-aec0-48bc100379f8,Bryce11 Schultz619,M,NURSE PRACTITIONER,1010 S MAIN ST,FALL RIVER,MA,02724-2855,41.725351,-71.094162,0
35af3a4d-4665-3cb1-9221-d545e7b4cb9a,b3661782-f15b-3733-aec0-48bc100379f8,Jesús825 Corrales691,M,PSYCHIATRY,1010 S MAIN ST,FALL RIVER,MA,02724-2855,41.725351,-71.094162,0
7c2811c4-f5d0-3d85-931d-17e412aecd16,b3661782-f15b-3733-aec0-48bc100379f8,Etha376 Littel644,F,NEUROLOGY,1010 S MAIN ST,FALL RIVER,MA,02724-2855,41.725351,-71.094162,0
6be46175-f8ca-3084-b1e4-acf5b213bef7,b3661782-f15b-3733-aec0-48bc100379f8,Etha376 Littel644,F,CLINICAL SOCIAL WORKER,1010 S MAIN ST,FALL RIVER,MA,02724-2855,41.725351,-71.094162,0
2fc50381-28ce-3958-914a-e0c4546ce28a,b3661782-f15b-3733-aec0-48bc100379f8,Federico589 Hessel84,M,CLINICAL SOCIAL WORKER,1010 S MAIN ST,FALL RIVER,MA,02724-2855,41.725351,-71.094162,0
c4e3ec54-3399-3ba3-b1f6-b3bce196d815,b3661782-f15b-3733-aec0-48bc100379f8,Kristian973 Pfeffer420,F,CLINICAL SOCIAL WORKER,1010 S MAIN ST,FALL RIVER,MA,02724-2855,41.725351,-71.094162,0
252af5fa-0c94-32b5-bbf3-50656ac1ff29,b3661782-f15b-3733-aec0-48bc100379f8,Emilia403 Llamas954,F,CLINICAL SOCIAL WORKER,1010 S MAIN ST,FALL RIVER,MA,02724-2855,41.725351,-71.094162,0
453c0bb3-8c37-3ed3-88c2-247ded8acff0,b3661782-f15b-3733-aec0-48bc100379f8,Britteny287 Schultz619,F,CLINICAL SOCIAL WORKER,1010 S MAIN ST,FALL RIVER,MA,02724-2855,41.725351,-71.094162,0
29efa2d5-431b-37eb-93af-ef9072426a27,b3661782-f15b-3733-aec0-48bc100379f8,Gary33 Stehr398,M,CLINICAL SOCIAL WORKER,1010 S MAIN ST,FALL RIVER,MA,02724-2855,41.725351,-71.094162,0
495b082f-adea-3138-9b6a-e769349851cb,b3661782-f15b-3733-aec0-48bc100379f8,Danette111 Davis923,F,CLINICAL SOCIAL WORKER,1010 S MAIN ST,FALL RIVER,MA,02724-2855,41.725351,-71.094162,0
e1de208c-0908-37b4-bfce-b3048653ab91,b3661782-f15b-3733-aec0-48bc100379f8,Chastity705 Zulauf375,F,CLINICAL SOCIAL WORKER,1010 S MAIN ST,FALL RIVER,MA,02724-2855,41.725351,-71.094162,0
4a35646a-7953-39cd-a977-c2f3f6b98c32,b3661782-f15b-3733-aec0-48bc100379f8,Etha376 Littel644,F,GENERAL PRACTICE,1010 S MAIN ST,FALL RIVER,MA,02724-2855,41.725351,-71.094162,15
19d14cb0-feba-3d53-8014-f61ccbddffa9,b3661782-f15b-3733-aec0-48bc100379f8,Etha376 Littel644,F,INTERNAL MEDICINE,1010 S MAIN ST,FALL RIVER,MA,02724-2855,41.725351,-71.094162,0
905c8428-9550-3df0-8ab6-d77cebd849c1,b3661782-f15b-3733-aec0-48bc100379f8,Federico589 Hessel84,M,INTERNAL MEDICINE,1010 S MAIN ST,FALL RIVER,MA,02724-2855,41.725351,-71.094162,0
6d038c9a-ef08-3702-b575-bfa74129d468,15263c07-375d-396c-8f98-6ec1d4175eaf,Skye332 Mayert710,F,NURSE PRACTITIONER,151 MYSTIC AVE,MEDFORD,MA,02155-4632,42.423844,-71.10923100000001,0
4c8939e2-f1ba-3b06-9d40-877e7f8e4780,15263c07-375d-396c-8f98-6ec1d4175eaf,Savannah232 Morissette863,F,NURSE PRACTITIONER,151 MYSTIC AVE,MEDFORD,MA,02155-4632,42.423844,-71.10923100000001,0
95aa8a46-5694-3fd8-bc77-6168594a0f85,15263c07-375d-396c-8f98-6ec1d4175eaf,Skye332 Mayert710,F,PSYCHIATRY,151 MYSTIC AVE,MEDFORD,MA,02155-4632,42.423844,-71.10923100000001,0
79fd941c-64fe-322c-830a-8f003b004c63,15263c07-375d-396c-8f98-6ec1d4175eaf,María Luisa888 Vásquez905,F,PSYCHIATRY,151 MYSTIC AVE,MEDFORD,MA,02155-4632,42.423844,-71.10923100000001,0
4b7a3dd2-f3fa-3068-814e-76dca1b50767,15263c07-375d-396c-8f98-6ec1d4175eaf,Jacquelyn628 Kassulke119,F,PSYCHIATRY,151 MYSTIC AVE,MEDFORD,MA,02155-4632,42.423844,-71.10923100000001,0
a9dd496e-0ec9-3bde-8003-6f146222dc2f,15263c07-375d-396c-8f98-6ec1d4175eaf,Golden321 Flatley871,F,PSYCHIATRY,151 MYSTIC AVE,MEDFORD,MA,02155-4632,42.423844,-71.10923100000001,0
eaf945d7-d452-3d2e-8977-350e5e115c5b,15263c07-375d-396c-8f98-6ec1d4175eaf,Herschel574 Mayert710,M,CLINICAL PSYCHOLOGIST,151 MYSTIC AVE,MEDFORD,MA,02155-4632,42.423844,-71.10923100000001,0
fe02f575-0bf1-3ffe-b265-3bf710623db6,15263c07-375d-396c-8f98-6ec1d4175eaf,Savannah232 Morissette863,F,CLINICAL PSYCHOLOGIST,151 MYSTIC AVE,MEDFORD,MA,02155-4632,42.423844,-71.10923100000001,0
7a12ca2a-27eb-3d82-9dc0-083341c5eddd,15263c07-375d-396c-8f98-6ec1d4175eaf,Cristobal567 Bueno515,M,CLINICAL SOCIAL WORKER,151 MYSTIC AVE,MEDFORD,MA,02155-4632,42.423844,-71.10923100000001,0
8e778237-508f-3e7a-9e76-abb2981330a7,15263c07-375d-396c-8f98-6ec1d4175eaf,Minh326 Morissette863,M,CLINICAL SOCIAL WORKER,151 MYSTIC AVE,MEDFORD,MA,02155-4632,42.423844,-71.10923100000001,0
88547118-1482-33ff-a559-a0a78e9651d6,15263c07-375d-396c-8f98-6ec1d4175eaf,Rufus33 Kassulke119,M,CLINICAL SOCIAL WORKER,151 MYSTIC AVE,MEDFORD,MA,02155-4632,42.423844,-71.10923100000001,0
899743ee-f633-3c24-9d1a-20c6200beb06,15263c07-375d-396c-8f98-6ec1d4175eaf,Brad867 Flatley871,M,CLINICAL SOCIAL WORKER,151 MYSTIC AVE,MEDFORD,MA,02155-4632,42.423844,-71.10923100000001,0
d2c926c1-b6df-3696-b9f2-8c02d27d880d,15263c07-375d-396c-8f98-6ec1d4175eaf,Eric487 Mante251,M,CLINICAL SOCIAL WORKER,151 MYSTIC AVE,MEDFORD,MA,02155-4632,42.423844,-71.10923100000001,0
0048fe72-44ac-3768-b8e4-b02f6802e727,15263c07-375d-396c-8f98-6ec1d4175eaf,Joleen561 Moen819,F,CLINICAL SOCIAL WORKER,151 MYSTIC AVE,MEDFORD,MA,02155-4632,42.423844,-71.10923100000001,0
3d7f8a1d-feea-3a09-99fb-eeb8eb9751b5,15263c07-375d-396c-8f98-6ec1d4175eaf,Carol737 Von197,M,CLINICAL SOCIAL WORKER,151 MYSTIC AVE,MEDFORD,MA,02155-4632,42.423844,-71.10923100000001,0
01504c3b-b828-3896-bb1b-d4082fa08f54,15263c07-375d-396c-8f98-6ec1d4175eaf,Angelique249 Rice937,F,CLINICAL SOCIAL WORKER,151 MYSTIC AVE,MEDFORD,MA,02155-4632,42.423844,-71.10923100000001,0
3563ea94-4a9b-3f1a-99a8-1b131136f70e,15263c07-375d-396c-8f98-6ec1d4175eaf,Francesco636 Beier427,M,CLINICAL SOCIAL WORKER,151 MYSTIC AVE,MEDFORD,MA,02155-4632,42.423844,-71.10923100000001,0
2574cffb-5c92-3c0f-b16d-4533df7492c1,15263c07-375d-396c-8f98-6ec1d4175eaf,Sol312 Thiel172,M,CLINICAL SOCIAL WORKER,151 MYSTIC AVE,MEDFORD,MA,02155-4632,42.423844,-71.10923100000001,0
aa05aad6-e6c2-3475-a028-e21631080b64,15263c07-375d-396c-8f98-6ec1d4175eaf,Jefferey580 Bosco882,M,CLINICAL SOCIAL WORKER,151 MYSTIC AVE,MEDFORD,MA,02155-4632,42.423844,-71.10923100000001,0
62f261b9-ef3b-3c0c-8487-26156fef123e,15263c07-375d-396c-8f98-6ec1d4175eaf,Nan75 Vandervort697,F,CLINICAL SOCIAL WORKER,151 MYSTIC AVE,MEDFORD,MA,02155-4632,42.423844,-71.10923100000001,0
8818293c-d9fb-3a60-a257-40b5e71a5303,15263c07-375d-396c-8f98-6ec1d4175eaf,Haley279 Erdman779,F,CLINICAL SOCIAL WORKER,151 MYSTIC AVE,MEDFORD,MA,02155-4632,42.423844,-71.10923100000001,0
bac5d85e-c614-3d95-9399-a691a2082401,15263c07-375d-396c-8f98-6ec1d4175eaf,Faye439 Gerhold939,F,CLINICAL SOCIAL WORKER,151 MYSTIC AVE,MEDFORD,MA,02155-4632,42.423844,-71.10923100000001,0
32633fe2-96de-36f5-b111-849db17087ea,15263c07-375d-396c-8f98-6ec1d4175eaf,Jonas187 McDermott739,M,CLINICAL SOCIAL WORKER,151 MYSTIC AVE,MEDFORD,MA,02155-4632,42.423844,-71.10923100000001,0
f4e63289-2eee-3cc2-b8fb-3991b7634182,15263c07-375d-396c-8f98-6ec1d4175eaf,Reginald96 Jacobs452,M,CLINICAL SOCIAL WORKER,151 MYSTIC AVE,MEDFORD,MA,02155-4632,42.423844,-71.10923100000001,0
f171edd7-cf95-3705-a54c-1d62d235aa4b,15263c07-375d-396c-8f98-6ec1d4175eaf,Fausto876 Ratke343,M,CLINICAL SOCIAL WORKER,151 MYSTIC AVE,MEDFORD,MA,02155-4632,42.423844,-71.10923100000001,0
7586c352-514f-387b-bbef-890f2fa0d47b,15263c07-375d-396c-8f98-6ec1d4175eaf,Carleen42 Lehner980,F,CLINICAL SOCIAL WORKER,151 MYSTIC AVE,MEDFORD,MA,02155-4632,42.423844,-71.10923100000001,0
335d310e-7ebe-303b-98e1-5c750e6a5f71,15263c07-375d-396c-8f98-6ec1d4175eaf,Emilio417 Quesada500,M,CLINICAL SOCIAL WORKER,151 MYSTIC AVE,MEDFORD,MA,02155-4632,42.423844,-71.10923100000001,0
cc67aa3d-2225-3d69-9a02-82ed538541a3,15263c07-375d-396c-8f98-6ec1d4175eaf,Bernardo699 Tremblay80,M,CLINICAL SOCIAL WORKER,151 MYSTIC AVE,MEDFORD,MA,02155-4632,42.423844,-71.10923100000001,0
70090db0-2983-3f31-8c1f-12e1dd9aa888,15263c07-375d-396c-8f98-6ec1d4175eaf,Robbyn526 Prosacco716,F,CLINICAL SOCIAL WORKER,151 MYSTIC AVE,MEDFORD,MA,02155-4632,42.423844,-71.10923100000001,0
3a1e2a0e-28fb-3999-a6c9-f97846a63a35,15263c07-375d-396c-8f98-6ec1d4175eaf,Page791 Robel940,F,CLINICAL SOCIAL WORKER,151 MYSTIC AVE,MEDFORD,MA,02155-4632,42.423844,-71.10923100000001,0
a22ead96-7186-3598-8210-d85ca70287ad,15263c07-375d-396c-8f98-6ec1d4175eaf,Nicky270 Bergstrom287,M,CLINICAL SOCIAL WORKER,151 MYSTIC AVE,MEDFORD,MA,02155-4632,42.423844,-71.10923100000001,0
d8e8d27b-15ce-3c35-b693-e95b54562188,15263c07-375d-396c-8f98-6ec1d4175eaf,Shanika235 Torp761,F,CLINICAL SOCIAL WORKER,151 MYSTIC AVE,MEDFORD,MA,02155-4632,42.423844,-71.10923100000001,0
60e05fc3-3f2a-3e29-ac10-8a0679b3bdc0,15263c07-375d-396c-8f98-6ec1d4175eaf,Kaycee352 Dietrich576,F,CLINICAL SOCIAL WORKER,151 MYSTIC AVE,MEDFORD,MA,02155-4632,42.423844,-71.10923100000001,0
01a5531e-3eef-3b41-9bf0-5b50edfbe8bc,15263c07-375d-396c-8f98-6ec1d4175eaf,Johana303 Ankunding277,F,CLINICAL SOCIAL WORKER,151 MYSTIC AVE,MEDFORD,MA,02155-4632,42.423844,-71.10923100000001,0
11d07ad4-cb39-3807-8917-ce2a7a130267,15263c07-375d-396c-8f98-6ec1d4175eaf,Débora815 Bueno515,F,GENERAL PRACTICE,151 MYSTIC AVE,MEDFORD,MA,02155-4632,42.423844,-71.10923100000001,38
ab8204d6-4606-33ca-90a2-f53846a90703,5f339d06-b1d0-366b-8578-1dffecfe4f07,Moises22 Mante251,M,FAMILY PRACTICE,35 A VILLAGE SQ,CHELMSFORD,MA,01824-2712,42.597055,-71.3697,0
9528dda9-94cc-387a-9e47-c084b82ea2f7,5f339d06-b1d0-366b-8578-1dffecfe4f07,Moises22 Mante251,M,GENERAL PRACTICE,35 A VILLAGE SQ,CHELMSFORD,MA,01824-2712,42.597055,-71.3697,9
d283ed25-3509-30ba-ae62-7d0dfff7984a,cedfa668-7e66-384c-a5fa-1f8367c69778,Melany872 Miller503,F,NURSE PRACTITIONER,16 WATERHOUSE RD,BOURNE,MA,02532-3897,41.717459999999996,-70.591824,0
6c6a88d3-4b10-3b9f-aaba-ec321699e540,cedfa668-7e66-384c-a5fa-1f8367c69778,Kina737 Johnson679,F,NURSE PRACTITIONER,16 WATERHOUSE RD,BOURNE,MA,02532-3897,41.717459999999996,-70.591824,0
44d92fc7-9154-3935-b8ba-046b23f7215e,cedfa668-7e66-384c-a5fa-1f8367c69778,Keven605 Miller503,M,CLINICAL PSYCHOLOGIST,16 WATERHOUSE RD,BOURNE,MA,02532-3897,41.717459999999996,-70.591824,0
80a1d5c2-ea51-3a13-82ee-11d6d0020e36,cedfa668-7e66-384c-a5fa-1f8367c69778,Keven605 Miller503,M,CLINICAL SOCIAL WORKER,16 WATERHOUSE RD,BOURNE,MA,02532-3897,41.717459999999996,-70.591824,0
fd73d993-5042-3067-b9c9-84248c661bf0,cedfa668-7e66-384c-a5fa-1f8367c69778,Bernardo699 Johnson679,M,CLINICAL SOCIAL WORKER,16 WATERHOUSE RD,BOURNE,MA,02532-3897,41.717459999999996,-70.591824,0
2f29efe8-f67c-385b-92b3-2707b27eefd9,cedfa668-7e66-384c-a5fa-1f8367c69778,Chantell995 Rempel203,F,CLINICAL SOCIAL WORKER,16 WATERHOUSE RD,BOURNE,MA,02532-3897,41.717459999999996,-70.591824,0
a3638324-a859-39b9-b917-0078a4cba04b,cedfa668-7e66-384c-a5fa-1f8367c69778,Melany872 Miller503,F,GENERAL PRACTICE,16 WATERHOUSE RD,BOURNE,MA,02532-3897,41.717459999999996,-70.591824,72
4eb44baf-8c31-346c-912f-dc97cbd77a8c,cedfa668-7e66-384c-a5fa-1f8367c69778,Keven605 Miller503,M,CLINICAL NURSE SPECIALIST,16 WATERHOUSE RD,BOURNE,MA,02532-3897,41.717459999999996,-70.591824,0
1569c951-eb56-3eca-8090-722badac6b17,cedfa668-7e66-384c-a5fa-1f8367c69778,Bernardo699 Johnson679,M,CLINICAL NURSE SPECIALIST,16 WATERHOUSE RD,BOURNE,MA,02532-3897,41.717459999999996,-70.591824,0
002db9a3-f11e-328f-a5f1-362f1168cf8f,ac004159-6e08-3d11-b813-1b4b43450f4a,Loura465 Ankunding277,F,GENERAL PRACTICE,130 N ST,HYANNIS,MA,02601,41.647227,-70.249978,84
7772a7a2-1290-3c4f-836b-74629e3a1935,20c8b48c-9b79-386c-a548-ae64b3192a4a,Virgilio529 Bode78,M,FAMILY PRACTICE,415 COLUMBIA RD,DORCHESTER,MA,02125-2424,42.33196,-71.020173,0
69b895c3-8485-3464-84ae-c3d9afadf53b,20c8b48c-9b79-386c-a548-ae64b3192a4a,Cassey386 Tromp100,F,FAMILY PRACTICE,415 COLUMBIA RD,DORCHESTER,MA,02125-2424,42.33196,-71.020173,0
598a81d8-fb71-3b9f-9263-e5cb9bcce136,20c8b48c-9b79-386c-a548-ae64b3192a4a,Colette720 Bode78,F,GENERAL PRACTICE,415 COLUMBIA RD,DORCHESTER,MA,02125-2424,42.33196,-71.020173,32
b1666148-bbb5-3e0b-a85b-866b223fbde0,aae540b1-016c-3d53-83c1-c66be3aa906a,Marcia467 Kilback373,F,PULMONARY DISEASE,1003 S MAIN ST,BELLINGHAM,MA,02019-1826,42.076682,-71.47449,0
1449df4d-8445-3ab5-ae14-432b49f97c1f,aae540b1-016c-3d53-83c1-c66be3aa906a,Loma263 Gislason620,F,PULMONARY DISEASE,1003 S MAIN ST,BELLINGHAM,MA,02019-1826,42.076682,-71.47449,0
945fa501-1aa0-3356-bf51-6ac0439555ea,aae540b1-016c-3d53-83c1-c66be3aa906a,Tyler508 Marvin195,M,PULMONARY DISEASE,1003 S MAIN ST,BELLINGHAM,MA,02019-1826,42.076682,-71.47449,0
f3d6638c-78cd-3089-a00e-80c74fd43766,aae540b1-016c-3d53-83c1-c66be3aa906a,Bryon392 Kilback373,M,NURSE PRACTITIONER,1003 S MAIN ST,BELLINGHAM,MA,02019-1826,42.076682,-71.47449,0
bc8815ad-efb3-3f44-86b5-224361d05d75,aae540b1-016c-3d53-83c1-c66be3aa906a,Loma263 Gislason620,F,NURSE PRACTITIONER,1003 S MAIN ST,BELLINGHAM,MA,02019-1826,42.076682,-71.47449,0
31a63137-2da3-3800-92c0-04b0652e84fc,aae540b1-016c-3d53-83c1-c66be3aa906a,Delores12 Marvin195,F,NURSE PRACTITIONER,1003 S MAIN ST,BELLINGHAM,MA,02019-1826,42.076682,-71.47449,0
849e6e91-3778-3ae3-83d5-4b472fd39d09,aae540b1-016c-3d53-83c1-c66be3aa906a,Isiah14 Monahan736,M,NURSE PRACTITIONER,1003 S MAIN ST,BELLINGHAM,MA,02019-1826,42.076682,-71.47449,0
64266e43-0314-35f8-b666-1a2609d89f7d,aae540b1-016c-3d53-83c1-c66be3aa906a,Marcia467 Kilback373,F,ALLERGY/IMMUNOLOGY,1003 S MAIN ST,BELLINGHAM,MA,02019-1826,42.076682,-71.47449,0
bf86ec31-8453-3653-9d14-b50173c68e15,aae540b1-016c-3d53-83c1-c66be3aa906a,Bryon392 Kilback373,M,OBSTETRICS/GYNECOLOGY,1003 S MAIN ST,BELLINGHAM,MA,02019-1826,42.076682,-71.47449,0
1468b39f-0f49-340d-a231-fbc5be8f1134,aae540b1-016c-3d53-83c1-c66be3aa906a,Marcia467 Kilback373,F,PHYSICIAN ASSISTANT,1003 S MAIN ST,BELLINGHAM,MA,02019-1826,42.076682,-71.47449,0
f331c727-8986-3f13-a66b-c1454dba5213,aae540b1-016c-3d53-83c1-c66be3aa906a,Loma263 Gislason620,F,PHYSICIAN ASSISTANT,1003 S MAIN ST,BELLINGHAM,MA,02019-1826,42.076682,-71.47449,0
8cb9dd1c-0efa-3079-8f9b-5f5518e636d5,aae540b1-016c-3d53-83c1-c66be3aa906a,Hernán834 Flórez858,M,PHYSICIAN ASSISTANT,1003 S MAIN ST,BELLINGHAM,MA,02019-1826,42.076682,-71.47449,0
dea9f5a2-4aa1-3c9b-a921-ac6dc03bf860,aae540b1-016c-3d53-83c1-c66be3aa906a,Arianne988 Monahan736,F,PHYSICIAN ASSISTANT,1003 S MAIN ST,BELLINGHAM,MA,02019-1826,42.076682,-71.47449,0
6eaf3667-7068-39d9-afe1-367c5b770ddf,aae540b1-016c-3d53-83c1-c66be3aa906a,Harris789 Wehner319,M,PHYSICIAN ASSISTANT,1003 S MAIN ST,BELLINGHAM,MA,02019-1826,42.076682,-71.47449,0
919720e2-75a9-371f-9d79-804260abee6f,aae540b1-016c-3d53-83c1-c66be3aa906a,Eliz744 Roob72,F,PHYSICIAN ASSISTANT,1003 S MAIN ST,BELLINGHAM,MA,02019-1826,42.076682,-71.47449,0
13edf653-d583-3ef5-9e98-770d6a0986d7,aae540b1-016c-3d53-83c1-c66be3aa906a,Zonia753 Mante251,F,PHYSICIAN ASSISTANT,1003 S MAIN ST,BELLINGHAM,MA,02019-1826,42.076682,-71.47449,0
a95624b8-9bc2-3f08-b36c-735ebc069525,aae540b1-016c-3d53-83c1-c66be3aa906a,Tanner110 Howe413,M,PHYSICIAN ASSISTANT,1003 S MAIN ST,BELLINGHAM,MA,02019-1826,42.076682,-71.47449,0
c939b6d2-cc7c-39f4-be4e-7f0e404aaf35,aae540b1-016c-3d53-83c1-c66be3aa906a,Scot349 Waters156,M,PHYSICIAN ASSISTANT,1003 S MAIN ST,BELLINGHAM,MA,02019-1826,42.076682,-71.47449,0
13888a81-f862-3969-8af8-7e3aab283050,aae540b1-016c-3d53-83c1-c66be3aa906a,Christeen33 Rohan584,F,PHYSICIAN ASSISTANT,1003 S MAIN ST,BELLINGHAM,MA,02019-1826,42.076682,-71.47449,0
64f10d65-437a-3af2-af30-e7f86e78fe56,aae540b1-016c-3d53-83c1-c66be3aa906a,Mónica985 Altamirano540,F,PHYSICIAN ASSISTANT,1003 S MAIN ST,BELLINGHAM,MA,02019-1826,42.076682,-71.47449,0
d28315ce-f66c-3890-a3e4-5099745945c6,aae540b1-016c-3d53-83c1-c66be3aa906a,Ginger664 Russel238,F,PHYSICIAN ASSISTANT,1003 S MAIN ST,BELLINGHAM,MA,02019-1826,42.076682,-71.47449,0
46211488-5951-340f-9b0d-150f712c40fe,aae540b1-016c-3d53-83c1-c66be3aa906a,Hollis7 McCullough561,M,PHYSICIAN ASSISTANT,1003 S MAIN ST,BELLINGHAM,MA,02019-1826,42.076682,-71.47449,0
4534f167-9af1-3431-a2c5-f634dcbd0c55,aae540b1-016c-3d53-83c1-c66be3aa906a,Cecil300 Jacobs452,F,PHYSICIAN ASSISTANT,1003 S MAIN ST,BELLINGHAM,MA,02019-1826,42.076682,-71.47449,0
ffef5a76-09ac-3b95-bcd8-c5853a25bd7b,aae540b1-016c-3d53-83c1-c66be3aa906a,Elwanda490 Reinger292,F,PHYSICIAN ASSISTANT,1003 S MAIN ST,BELLINGHAM,MA,02019-1826,42.076682,-71.47449,0
2a04392f-d927-3bf8-b83c-d642541b73b8,aae540b1-016c-3d53-83c1-c66be3aa906a,Bryon392 Kilback373,M,RHEUMATOLOGY,1003 S MAIN ST,BELLINGHAM,MA,02019-1826,42.076682,-71.47449,0
87204a9c-8b40-3f40-bf21-ea823e71ee2b,aae540b1-016c-3d53-83c1-c66be3aa906a,Marcia467 Kilback373,F,UROLOGY,1003 S MAIN ST,BELLINGHAM,MA,02019-1826,42.076682,-71.47449,0
daa379e4-38fc-36ca-83a2-448ff694e774,aae540b1-016c-3d53-83c1-c66be3aa906a,Gary33 Gislason620,M,UROLOGY,1003 S MAIN ST,BELLINGHAM,MA,02019-1826,42.076682,-71.47449,0
a434b92f-ad74-34dc-a2de-8dd65e27fe95,aae540b1-016c-3d53-83c1-c66be3aa906a,Marcia467 Kilback373,F,FAMILY PRACTICE,1003 S MAIN ST,BELLINGHAM,MA,02019-1826,42.076682,-71.47449,0
b24e7436-b282-3b6c-9b31-5837d9ec8107,aae540b1-016c-3d53-83c1-c66be3aa906a,Gary33 Gislason620,M,FAMILY PRACTICE,1003 S MAIN ST,BELLINGHAM,MA,02019-1826,42.076682,-71.47449,0
dff9ef4a-ee1c-3001-8e69-43f01e8731d8,aae540b1-016c-3d53-83c1-c66be3aa906a,Delores12 Marvin195,F,FAMILY PRACTICE,1003 S MAIN ST,BELLINGHAM,MA,02019-1826,42.076682,-71.47449,0
edcd089c-f5e5-3c05-8443-660aad550730,aae540b1-016c-3d53-83c1-c66be3aa906a,Arianne988 Monahan736,F,FAMILY PRACTICE,1003 S MAIN ST,BELLINGHAM,MA,02019-1826,42.076682,-71.47449,0
d2fcc859-15a4-3241-9841-773d419892c7,aae540b1-016c-3d53-83c1-c66be3aa906a,Harris789 Wehner319,M,FAMILY PRACTICE,1003 S MAIN ST,BELLINGHAM,MA,02019-1826,42.076682,-71.47449,0
bb36d4d6-92a6-3744-9c90-a46a6a3e5b4e,aae540b1-016c-3d53-83c1-c66be3aa906a,Michale231 Roob72,M,FAMILY PRACTICE,1003 S MAIN ST,BELLINGHAM,MA,02019-1826,42.076682,-71.47449,0
1e529be6-8bdc-3bf2-a3a4-08ede290b9a9,aae540b1-016c-3d53-83c1-c66be3aa906a,Bryon392 Kilback373,M,GENERAL PRACTICE,1003 S MAIN ST,BELLINGHAM,MA,02019-1826,42.076682,-71.47449,55
baec1626-37a8-30ad-8b1c-fe27a8ccc8fb,aae540b1-016c-3d53-83c1-c66be3aa906a,Bryon392 Kilback373,M,ENDOCRINOLOGY,1003 S MAIN ST,BELLINGHAM,MA,02019-1826,42.076682,-71.47449,0
744ac643-5656-3735-b059-5c9f08634d29,aae540b1-016c-3d53-83c1-c66be3aa906a,Marcia467 Kilback373,F,INTERNAL MEDICINE,1003 S MAIN ST,BELLINGHAM,MA,02019-1826,42.076682,-71.47449,0
98572c5b-1ce0-3ec6-8a31-aaecd521ddaf,aae540b1-016c-3d53-83c1-c66be3aa906a,Gary33 Gislason620,M,INTERNAL MEDICINE,1003 S MAIN ST,BELLINGHAM,MA,02019-1826,42.076682,-71.47449,0
87a1a892-ea0e-39a1-9a5f-13d17e768787,aae540b1-016c-3d53-83c1-c66be3aa906a,Tyler508 Marvin195,M,INTERNAL MEDICINE,1003 S MAIN ST,BELLINGHAM,MA,02019-1826,42.076682,-71.47449,0
e979ee2f-0622-355b-8079-b7e8f0d0846e,aae540b1-016c-3d53-83c1-c66be3aa906a,Arianne988 Monahan736,F,INTERNAL MEDICINE,1003 S MAIN ST,BELLINGHAM,MA,02019-1826,42.076682,-71.47449,0
2fce1b02-3b09-32ca-a570-0fefc8c31cd2,aae540b1-016c-3d53-83c1-c66be3aa906a,Francesca650 Wehner319,F,INTERNAL MEDICINE,1003 S MAIN ST,BELLINGHAM,MA,02019-1826,42.076682,-71.47449,0
fb84d04b-9b00-340b-a784-ca2baad5cc37,aae540b1-016c-3d53-83c1-c66be3aa906a,Michale231 Roob72,M,INTERNAL MEDICINE,1003 S MAIN ST,BELLINGHAM,MA,02019-1826,42.076682,-71.47449,0
8c342168-213a-3325-a27c-fdc3439f2046,aae540b1-016c-3d53-83c1-c66be3aa906a,Man114 Mante251,M,INTERNAL MEDICINE,1003 S MAIN ST,BELLINGHAM,MA,02019-1826,42.076682,-71.47449,0
87cc089c-ae4f-37f7-9f88-b86c05f75b3f,aae540b1-016c-3d53-83c1-c66be3aa906a,Tanner110 Howe413,M,INTERNAL MEDICINE,1003 S MAIN ST,BELLINGHAM,MA,02019-1826,42.076682,-71.47449,0
875d8e01-7ae7-3cd9-9fb5-b8b45d5ee6bb,aae540b1-016c-3d53-83c1-c66be3aa906a,David908 Waters156,F,INTERNAL MEDICINE,1003 S MAIN ST,BELLINGHAM,MA,02019-1826,42.076682,-71.47449,0
6d70f370-c4e6-33e1-a56c-f161953e0db7,aae540b1-016c-3d53-83c1-c66be3aa906a,Christeen33 Rohan584,F,INTERNAL MEDICINE,1003 S MAIN ST,BELLINGHAM,MA,02019-1826,42.076682,-71.47449,0
5c988b09-5d69-331d-858a-cb2e89244dd7,aae540b1-016c-3d53-83c1-c66be3aa906a,Ivette731 Wilderman619,F,INTERNAL MEDICINE,1003 S MAIN ST,BELLINGHAM,MA,02019-1826,42.076682,-71.47449,0
43c9edb1-6395-33bb-93a7-b40ce00dcda6,aae540b1-016c-3d53-83c1-c66be3aa906a,Oren284 Russel238,M,INTERNAL MEDICINE,1003 S MAIN ST,BELLINGHAM,MA,02019-1826,42.076682,-71.47449,0
df848e65-e40b-354b-aca0-111329c33d95,aae540b1-016c-3d53-83c1-c66be3aa906a,Bryon392 Kilback373,M,HOSPITALIST,1003 S MAIN ST,BELLINGHAM,MA,02019-1826,42.076682,-71.47449,0
7905dc5a-51c9-388a-a534-baeb9f1dd79d,8c35036f-47d7-3e93-9410-e6f7acd9cc77,Antoine384 Wilkinson796,M,PULMONARY DISEASE,94 MENDON ST,HOPEDALE,MA,01747-1311,42.123007,-71.53140400000001,0
3ea33d18-a809-3b71-b5a3-90faa3f95678,8c35036f-47d7-3e93-9410-e6f7acd9cc77,Ellis535 Rutherford999,M,PULMONARY DISEASE,94 MENDON ST,HOPEDALE,MA,01747-1311,42.123007,-71.53140400000001,0
d0ce30b9-6a5d-31ee-bd52-51f18ce1242d,8c35036f-47d7-3e93-9410-e6f7acd9cc77,Doris153 Boehm581,F,PULMONARY DISEASE,94 MENDON ST,HOPEDALE,MA,01747-1311,42.123007,-71.53140400000001,0
96c2ce98-96ff-3c26-a42d-810681b5c409,8c35036f-47d7-3e93-9410-e6f7acd9cc77,Antoine384 Wilkinson796,M,NURSE PRACTITIONER,94 MENDON ST,HOPEDALE,MA,01747-1311,42.123007,-71.53140400000001,0
b3e98409-8e4e-3935-8da0-7d2b6b4ab365,8c35036f-47d7-3e93-9410-e6f7acd9cc77,Lyndia317 Rutherford999,F,NURSE PRACTITIONER,94 MENDON ST,HOPEDALE,MA,01747-1311,42.123007,-71.53140400000001,0
b45f33b2-cbf9-3677-b587-bee16509cb5e,8c35036f-47d7-3e93-9410-e6f7acd9cc77,Doris153 Boehm581,F,NURSE PRACTITIONER,94 MENDON ST,HOPEDALE,MA,01747-1311,42.123007,-71.53140400000001,0
2639565f-5b5b-31c9-941f-06979066eaca,8c35036f-47d7-3e93-9410-e6f7acd9cc77,Daniel959 Turcotte120,F,NURSE PRACTITIONER,94 MENDON ST,HOPEDALE,MA,01747-1311,42.123007,-71.53140400000001,0
8b0e9904-250b-31cb-9883-53d54df7d022,8c35036f-47d7-3e93-9410-e6f7acd9cc77,Ginny287 Farrell962,F,NURSE PRACTITIONER,94 MENDON ST,HOPEDALE,MA,01747-1311,42.123007,-71.53140400000001,0
22cc99b2-5b53-3197-b63b-af7a27e3d119,8c35036f-47d7-3e93-9410-e6f7acd9cc77,Lesley194 Gleason633,M,NURSE PRACTITIONER,94 MENDON ST,HOPEDALE,MA,01747-1311,42.123007,-71.53140400000001,0
2063a08b-1222-3651-97e1-35dd9ea519d6,8c35036f-47d7-3e93-9410-e6f7acd9cc77,Marry53 Wilkinson796,F,CARDIOVASCULAR DISEASE (CARDIOLOGY),94 MENDON ST,HOPEDALE,MA,01747-1311,42.123007,-71.53140400000001,0
4a30e50b-5ba0-3237-8dbe-d71df5c6c632,8c35036f-47d7-3e93-9410-e6f7acd9cc77,Ellis535 Rutherford999,M,CARDIOVASCULAR DISEASE (CARDIOLOGY),94 MENDON ST,HOPEDALE,MA,01747-1311,42.123007,-71.53140400000001,0
1c4e55db-da31-3eb0-8b83-e292152b4c04,8c35036f-47d7-3e93-9410-e6f7acd9cc77,Marry53 Wilkinson796,F,ALLERGY/IMMUNOLOGY,94 MENDON ST,HOPEDALE,MA,01747-1311,42.123007,-71.53140400000001,0
09f0c78e-9847-3569-b257-3365e4a5be6f,8c35036f-47d7-3e93-9410-e6f7acd9cc77,Antoine384 Wilkinson796,M,HOSPICE/PALLIATIVE CARE,94 MENDON ST,HOPEDALE,MA,01747-1311,42.123007,-71.53140400000001,0
0ae530d7-54f5-3959-8496-b78fdca4deee,8c35036f-47d7-3e93-9410-e6f7acd9cc77,Antoine384 Wilkinson796,M,PHYSICIAN ASSISTANT,94 MENDON ST,HOPEDALE,MA,01747-1311,42.123007,-71.53140400000001,0
5aabd51f-2ea9-37c5-ae37-e4db7a9b087b,8c35036f-47d7-3e93-9410-e6f7acd9cc77,Miguel Ángel46 Valentín837,M,PHYSICIAN ASSISTANT,94 MENDON ST,HOPEDALE,MA,01747-1311,42.123007,-71.53140400000001,0
e13327fa-a86e-34e3-b3d8-d239d56d00b9,8c35036f-47d7-3e93-9410-e6f7acd9cc77,Scotty190 Boehm581,M,PHYSICIAN ASSISTANT,94 MENDON ST,HOPEDALE,MA,01747-1311,42.123007,-71.53140400000001,0
cb2874a2-664c-3113-a3df-7589e5227340,8c35036f-47d7-3e93-9410-e6f7acd9cc77,Daniel959 Turcotte120,F,PHYSICIAN ASSISTANT,94 MENDON ST,HOPEDALE,MA,01747-1311,42.123007,-71.53140400000001,0
18346031-051c-3393-8a94-92515fb98440,8c35036f-47d7-3e93-9410-e6f7acd9cc77,Antoine384 Wilkinson796,M,RHEUMATOLOGY,94 MENDON ST,HOPEDALE,MA,01747-1311,42.123007,-71.53140400000001,0
94057091-bd4c-33f1-abda-9165a596aee0,8c35036f-47d7-3e93-9410-e6f7acd9cc77,Ellis535 Rutherford999,M,RHEUMATOLOGY,94 MENDON ST,HOPEDALE,MA,01747-1311,42.123007,-71.53140400000001,0
6d05e399-dff9-3a86-a6ff-9c837fe0c251,8c35036f-47d7-3e93-9410-e6f7acd9cc77,Scotty190 Boehm581,M,RHEUMATOLOGY,94 MENDON ST,HOPEDALE,MA,01747-1311,42.123007,-71.53140400000001,0
99fa1504-45d4-3c4d-a7cc-112dd755d7f8,8c35036f-47d7-3e93-9410-e6f7acd9cc77,Antoine384 Wilkinson796,M,FAMILY PRACTICE,94 MENDON ST,HOPEDALE,MA,01747-1311,42.123007,-71.53140400000001,0
b6fdabbc-89f0-3190-8108-5d877366aa04,8c35036f-47d7-3e93-9410-e6f7acd9cc77,Luz785 Valentín837,F,FAMILY PRACTICE,94 MENDON ST,HOPEDALE,MA,01747-1311,42.123007,-71.53140400000001,0
05f55bd2-4974-3ea4-b60f-4db0705a96a0,8c35036f-47d7-3e93-9410-e6f7acd9cc77,Doris153 Boehm581,F,FAMILY PRACTICE,94 MENDON ST,HOPEDALE,MA,01747-1311,42.123007,-71.53140400000001,0
c7ac574c-39b2-3ed1-99cd-cc8d22d80e45,8c35036f-47d7-3e93-9410-e6f7acd9cc77,Daniel959 Turcotte120,F,FAMILY PRACTICE,94 MENDON ST,HOPEDALE,MA,01747-1311,42.123007,-71.53140400000001,0
8266cd96-1321-3c2d-8cd5-acbf25f54669,8c35036f-47d7-3e93-9410-e6f7acd9cc77,Marry53 Wilkinson796,F,SURGICAL ONCOLOGY,94 MENDON ST,HOPEDALE,MA,01747-1311,42.123007,-71.53140400000001,0
6f6b4869-a756-311d-9a10-3c9cbf45825c,8c35036f-47d7-3e93-9410-e6f7acd9cc77,Marry53 Wilkinson796,F,HOSPITALIST,94 MENDON ST,HOPEDALE,MA,01747-1311,42.123007,-71.53140400000001,0
33bf8422-8702-355a-bc7a-831056c7047e,8c35036f-47d7-3e93-9410-e6f7acd9cc77,Marry53 Wilkinson796,F,GYNECOLOGICAL ONCOLOGY,94 MENDON ST,HOPEDALE,MA,01747-1311,42.123007,-71.53140400000001,0
e493a0ca-dd84-3515-a8e4-f6481723d21b,8c35036f-47d7-3e93-9410-e6f7acd9cc77,Antoine384 Wilkinson796,M,AUDIOLOGIST,94 MENDON ST,HOPEDALE,MA,01747-1311,42.123007,-71.53140400000001,0
39112d67-e0fe-3a73-af8a-02f8504b69d7,8c35036f-47d7-3e93-9410-e6f7acd9cc77,Marry53 Wilkinson796,F,OBSTETRICS/GYNECOLOGY,94 MENDON ST,HOPEDALE,MA,01747-1311,42.123007,-71.53140400000001,0
f130a5f0-f92b-33fc-b087-c2f4079bf138,8c35036f-47d7-3e93-9410-e6f7acd9cc77,Ellis535 Rutherford999,M,OBSTETRICS/GYNECOLOGY,94 MENDON ST,HOPEDALE,MA,01747-1311,42.123007,-71.53140400000001,0
4c7091ee-585e-3d3b-b9d8-2cbe30091b43,8c35036f-47d7-3e93-9410-e6f7acd9cc77,Scotty190 Boehm581,M,OBSTETRICS/GYNECOLOGY,94 MENDON ST,HOPEDALE,MA,01747-1311,42.123007,-71.53140400000001,0
a1b072b2-c529-3091-b8e6-89298cd8ce0d,8c35036f-47d7-3e93-9410-e6f7acd9cc77,Bryant814 Turcotte120,M,OBSTETRICS/GYNECOLOGY,94 MENDON ST,HOPEDALE,MA,01747-1311,42.123007,-71.53140400000001,0
f53809f9-8266-3559-b929-4a024e2dc03b,8c35036f-47d7-3e93-9410-e6f7acd9cc77,Marry53 Wilkinson796,F,UROLOGY,94 MENDON ST,HOPEDALE,MA,01747-1311,42.123007,-71.53140400000001,0
cb80e24a-d86d-3c85-9e03-00f5d8042661,8c35036f-47d7-3e93-9410-e6f7acd9cc77,Lyndia317 Rutherford999,F,UROLOGY,94 MENDON ST,HOPEDALE,MA,01747-1311,42.123007,-71.53140400000001,0
490f5c38-c2af-3310-8dda-5aec51f9c635,8c35036f-47d7-3e93-9410-e6f7acd9cc77,Marry53 Wilkinson796,F,GENERAL PRACTICE,94 MENDON ST,HOPEDALE,MA,01747-1311,42.123007,-71.53140400000001,51
4f3ff4cf-946f-388b-a224-c95ecb75ed05,8c35036f-47d7-3e93-9410-e6f7acd9cc77,Antoine384 Wilkinson796,M,ENDOCRINOLOGY,94 MENDON ST,HOPEDALE,MA,01747-1311,42.123007,-71.53140400000001,0
7d55bda7-738f-3c11-bcba-3a6e017712e0,8c35036f-47d7-3e93-9410-e6f7acd9cc77,Lyndia317 Rutherford999,F,ENDOCRINOLOGY,94 MENDON ST,HOPEDALE,MA,01747-1311,42.123007,-71.53140400000001,0
942b843c-ac7a-3f40-b58d-70162da3891a,8c35036f-47d7-3e93-9410-e6f7acd9cc77,Marry53 Wilkinson796,F,INTERNAL MEDICINE,94 MENDON ST,HOPEDALE,MA,01747-1311,42.123007,-71.53140400000001,0
77cd61e6-4ccb-3d1f-987d-bb5a4a53e115,8c35036f-47d7-3e93-9410-e6f7acd9cc77,Lyndia317 Rutherford999,F,INTERNAL MEDICINE,94 MENDON ST,HOPEDALE,MA,01747-1311,42.123007,-71.53140400000001,0
edf0f47d-3da5-3144-b002-a3372e524dd1,8c35036f-47d7-3e93-9410-e6f7acd9cc77,Doris153 Boehm581,F,INTERNAL MEDICINE,94 MENDON ST,HOPEDALE,MA,01747-1311,42.123007,-71.53140400000001,0
12c25366-0d88-3008-88dd-50a8d90606b4,8c35036f-47d7-3e93-9410-e6f7acd9cc77,Daniel959 Turcotte120,F,INTERNAL MEDICINE,94 MENDON ST,HOPEDALE,MA,01747-1311,42.123007,-71.53140400000001,0
40b679d5-69f6-30d5-8908-a6dc596c9f0a,8c35036f-47d7-3e93-9410-e6f7acd9cc77,Ginny287 Farrell962,F,INTERNAL MEDICINE,94 MENDON ST,HOPEDALE,MA,01747-1311,42.123007,-71.53140400000001,0
3743ca01-1c15-3dfa-a7d3-a9036f46cd4c,8c35036f-47d7-3e93-9410-e6f7acd9cc77,Lesley194 Gleason633,M,INTERNAL MEDICINE,94 MENDON ST,HOPEDALE,MA,01747-1311,42.123007,-71.53140400000001,0
71586ebd-cf6d-36e9-87ff-90380bcfda34,8c35036f-47d7-3e93-9410-e6f7acd9cc77,Chris95 Mayer370,M,INTERNAL MEDICINE,94 MENDON ST,HOPEDALE,MA,01747-1311,42.123007,-71.53140400000001,0
aec588cb-2beb-3fc0-9a36-579d5bac1f38,8c35036f-47d7-3e93-9410-e6f7acd9cc77,Harold594 Huel628,M,INTERNAL MEDICINE,94 MENDON ST,HOPEDALE,MA,01747-1311,42.123007,-71.53140400000001,0
9023dc56-87d6-3795-9799-a85e862ca884,8c35036f-47d7-3e93-9410-e6f7acd9cc77,Chelsie189 Reichel38,F,INTERNAL MEDICINE,94 MENDON ST,HOPEDALE,MA,01747-1311,42.123007,-71.53140400000001,0
9f13b3bf-f6b6-3aac-bd96-cba3d75a6299,8c35036f-47d7-3e93-9410-e6f7acd9cc77,Malcom15 Lind531,M,INTERNAL MEDICINE,94 MENDON ST,HOPEDALE,MA,01747-1311,42.123007,-71.53140400000001,0
a8208d61-c7ad-3b7c-aa96-c61536711dff,8c35036f-47d7-3e93-9410-e6f7acd9cc77,Lonny638 Kerluke267,M,INTERNAL MEDICINE,94 MENDON ST,HOPEDALE,MA,01747-1311,42.123007,-71.53140400000001,0
93bb5f47-3793-38b8-beb1-722a0754c243,8c35036f-47d7-3e93-9410-e6f7acd9cc77,Sherman440 Funk324,M,INTERNAL MEDICINE,94 MENDON ST,HOPEDALE,MA,01747-1311,42.123007,-71.53140400000001,0
7dfc6b9e-30d1-3580-ac66-ce151e553205,8c35036f-47d7-3e93-9410-e6f7acd9cc77,Cristian531 Rosales49,M,INTERNAL MEDICINE,94 MENDON ST,HOPEDALE,MA,01747-1311,42.123007,-71.53140400000001,0
f46e755b-949f-39ff-acf8-accedf4cac4e,8c35036f-47d7-3e93-9410-e6f7acd9cc77,Miquel905 Homenick806,M,INTERNAL MEDICINE,94 MENDON ST,HOPEDALE,MA,01747-1311,42.123007,-71.53140400000001,0
ff833a13-4f09-3c31-90c5-6ace60b20879,8c35036f-47d7-3e93-9410-e6f7acd9cc77,Ivette731 Ward668,F,INTERNAL MEDICINE,94 MENDON ST,HOPEDALE,MA,01747-1311,42.123007,-71.53140400000001,0
17a818cd-6e4c-38c8-a9d7-d5b2c836256b,8c35036f-47d7-3e93-9410-e6f7acd9cc77,Ginger664 Rodriguez71,F,INTERNAL MEDICINE,94 MENDON ST,HOPEDALE,MA,01747-1311,42.123007,-71.53140400000001,0
3b4b1d70-9cbf-3401-821c-f962bb20902b,8c35036f-47d7-3e93-9410-e6f7acd9cc77,Norris589 Bednar518,M,INTERNAL MEDICINE,94 MENDON ST,HOPEDALE,MA,01747-1311,42.123007,-71.53140400000001,0
f5be8cb5-f055-3d29-a0b5-861daa28ad51,8c35036f-47d7-3e93-9410-e6f7acd9cc77,Twila243 Swift555,F,INTERNAL MEDICINE,94 MENDON ST,HOPEDALE,MA,01747-1311,42.123007,-71.53140400000001,0
3af3a2e3-2619-3f46-b229-d02229d3e49d,8c35036f-47d7-3e93-9410-e6f7acd9cc77,Vicente970 Douglas31,M,INTERNAL MEDICINE,94 MENDON ST,HOPEDALE,MA,01747-1311,42.123007,-71.53140400000001,0
c75712b1-10fe-372b-8aaf-0265d2410582,8c35036f-47d7-3e93-9410-e6f7acd9cc77,Ricardo560 Lomeli256,M,INTERNAL MEDICINE,94 MENDON ST,HOPEDALE,MA,01747-1311,42.123007,-71.53140400000001,0
15f35abb-de12-3276-ae05-29b41973c8dd,8c35036f-47d7-3e93-9410-e6f7acd9cc77,Isabel214 Rodrígez614,F,INTERNAL MEDICINE,94 MENDON ST,HOPEDALE,MA,01747-1311,42.123007,-71.53140400000001,0
7987ad6f-c402-3239-a3b5-19c3a0de3cde,8c35036f-47d7-3e93-9410-e6f7acd9cc77,Herb645 O'Conner199,M,INTERNAL MEDICINE,94 MENDON ST,HOPEDALE,MA,01747-1311,42.123007,-71.53140400000001,0
9cbc8327-f913-3a9a-8fe0-a5a6024dd21e,8c35036f-47d7-3e93-9410-e6f7acd9cc77,Wesley533 Dietrich576,F,INTERNAL MEDICINE,94 MENDON ST,HOPEDALE,MA,01747-1311,42.123007,-71.53140400000001,0
fee2ee44-19f8-3e47-9f44-8b96cca74387,8c35036f-47d7-3e93-9410-e6f7acd9cc77,Tomiko229 Ankunding277,F,INTERNAL MEDICINE,94 MENDON ST,HOPEDALE,MA,01747-1311,42.123007,-71.53140400000001,0
1e6da92e-3633-3e32-83b5-41bee65ebb98,776ce3b8-fe48-3c2f-8a45-d691d19c4e38,Elisha578 Kris249,M,NURSE PRACTITIONER,24 W MAIN ST,NORTHBOROUGH,MA,01532-1910,42.323342,-71.646236,0
19391ec5-1fcd-3817-8acb-f30573c11bb4,776ce3b8-fe48-3c2f-8a45-d691d19c4e38,Marietta439 Gulgowski816,F,NURSE PRACTITIONER,24 W MAIN ST,NORTHBOROUGH,MA,01532-1910,42.323342,-71.646236,0
32d4a3d1-d048-35cc-a348-c803c6f75d2b,776ce3b8-fe48-3c2f-8a45-d691d19c4e38,Johnathan55 Muller251,M,NURSE PRACTITIONER,24 W MAIN ST,NORTHBOROUGH,MA,01532-1910,42.323342,-71.646236,0
a2f0de66-351f-3d0d-a200-bf1c0d21e45a,776ce3b8-fe48-3c2f-8a45-d691d19c4e38,Norman647 Ondricka197,F,NURSE PRACTITIONER,24 W MAIN ST,NORTHBOROUGH,MA,01532-1910,42.323342,-71.646236,0
51096139-f0eb-37e6-a652-d1dd333ae255,776ce3b8-fe48-3c2f-8a45-d691d19c4e38,Janean397 Shields502,F,NURSE PRACTITIONER,24 W MAIN ST,NORTHBOROUGH,MA,01532-1910,42.323342,-71.646236,0
200623c3-fb64-37e3-9d09-b617cc6f3aba,776ce3b8-fe48-3c2f-8a45-d691d19c4e38,Dia700 Oberbrunner298,F,NURSE PRACTITIONER,24 W MAIN ST,NORTHBOROUGH,MA,01532-1910,42.323342,-71.646236,0
562a3052-e7a7-3d25-a174-849fca32a8b0,776ce3b8-fe48-3c2f-8a45-d691d19c4e38,Kerry175 Dickinson688,F,NURSE PRACTITIONER,24 W MAIN ST,NORTHBOROUGH,MA,01532-1910,42.323342,-71.646236,0
c2afa61e-8089-3142-b1ab-389f0ed41a98,776ce3b8-fe48-3c2f-8a45-d691d19c4e38,Migdalia164 Kris249,F,GENERAL PRACTICE,24 W MAIN ST,NORTHBOROUGH,MA,01532-1910,42.323342,-71.646236,40
933688d9-e47a-368f-9ea7-5b768ff87920,d7d965c6-deeb-39e1-ab10-a10a7b3d628f,Winfred745 Berge125,M,PULMONARY DISEASE,100 ELM ST,EVERETT,MA,02149-5128,42.405938,-71.054649,0
887b7332-7be9-3a44-a79e-b13218d98781,d7d965c6-deeb-39e1-ab10-a10a7b3d628f,Winfred745 Berge125,M,NURSE PRACTITIONER,100 ELM ST,EVERETT,MA,02149-5128,42.405938,-71.054649,0
05582943-3f65-37d5-858b-f1f6bc1048b0,d7d965c6-deeb-39e1-ab10-a10a7b3d628f,Julee121 Berge125,F,NEUROLOGY,100 ELM ST,EVERETT,MA,02149-5128,42.405938,-71.054649,0
54bbc69b-49b3-3186-bbd8-dc69d42659a3,d7d965c6-deeb-39e1-ab10-a10a7b3d628f,Julee121 Berge125,F,OBSTETRICS/GYNECOLOGY,100 ELM ST,EVERETT,MA,02149-5128,42.405938,-71.054649,0
212ebf6e-2218-3452-bb6c-99a2f1896538,d7d965c6-deeb-39e1-ab10-a10a7b3d628f,Janette321 Bradtke547,F,OBSTETRICS/GYNECOLOGY,100 ELM ST,EVERETT,MA,02149-5128,42.405938,-71.054649,0
b45a38da-5dc2-3eba-9a2a-0d03b7086569,d7d965c6-deeb-39e1-ab10-a10a7b3d628f,Rigoberto443 Jast432,M,OBSTETRICS/GYNECOLOGY,100 ELM ST,EVERETT,MA,02149-5128,42.405938,-71.054649,0
fff5dde9-df54-3b35-a676-4d9a1bbb6c41,d7d965c6-deeb-39e1-ab10-a10a7b3d628f,Arturo47 Farrell962,M,OBSTETRICS/GYNECOLOGY,100 ELM ST,EVERETT,MA,02149-5128,42.405938,-71.054649,0
e8313417-ddd6-3377-8eb3-abd50973534f,d7d965c6-deeb-39e1-ab10-a10a7b3d628f,Julee121 Berge125,F,PHYSICIAN ASSISTANT,100 ELM ST,EVERETT,MA,02149-5128,42.405938,-71.054649,0
93315f25-7685-3830-8839-25e7243f3980,d7d965c6-deeb-39e1-ab10-a10a7b3d628f,Devon268 Bradtke547,M,PHYSICIAN ASSISTANT,100 ELM ST,EVERETT,MA,02149-5128,42.405938,-71.054649,0
0067d191-e756-3767-b691-c783edc05687,d7d965c6-deeb-39e1-ab10-a10a7b3d628f,Rigoberto443 Jast432,M,PHYSICIAN ASSISTANT,100 ELM ST,EVERETT,MA,02149-5128,42.405938,-71.054649,0
429e04bf-66b3-34d3-8c4c-429d6a222883,d7d965c6-deeb-39e1-ab10-a10a7b3d628f,Arturo47 Farrell962,M,PHYSICIAN ASSISTANT,100 ELM ST,EVERETT,MA,02149-5128,42.405938,-71.054649,0
fc03bb92-1626-3385-9fbb-bb96b9b3332f,d7d965c6-deeb-39e1-ab10-a10a7b3d628f,Celsa248 Lueilwitz711,F,PHYSICIAN ASSISTANT,100 ELM ST,EVERETT,MA,02149-5128,42.405938,-71.054649,0
a5045ec5-e0e1-3af6-abc1-400d4183e6b8,d7d965c6-deeb-39e1-ab10-a10a7b3d628f,Bobby524 Hilpert278,F,PHYSICIAN ASSISTANT,100 ELM ST,EVERETT,MA,02149-5128,42.405938,-71.054649,0
6a81879e-55c8-3317-8142-cc6089c75d6a,d7d965c6-deeb-39e1-ab10-a10a7b3d628f,Melva551 Jacobi462,F,PHYSICIAN ASSISTANT,100 ELM ST,EVERETT,MA,02149-5128,42.405938,-71.054649,0
0c5fd425-853d-3805-b11c-deed4ff84441,d7d965c6-deeb-39e1-ab10-a10a7b3d628f,Wade235 Emmerich580,M,PHYSICIAN ASSISTANT,100 ELM ST,EVERETT,MA,02149-5128,42.405938,-71.054649,0
9d02c886-478e-3e87-b43c-c717ed94b819,d7d965c6-deeb-39e1-ab10-a10a7b3d628f,Cody889 Littel644,M,PHYSICIAN ASSISTANT,100 ELM ST,EVERETT,MA,02149-5128,42.405938,-71.054649,0
b81720ba-f5f8-33aa-b727-a3018d2d3936,d7d965c6-deeb-39e1-ab10-a10a7b3d628f,Horace32 McClure239,M,PHYSICIAN ASSISTANT,100 ELM ST,EVERETT,MA,02149-5128,42.405938,-71.054649,0
906f1ebc-4aef-3e09-a60f-f72836602868,d7d965c6-deeb-39e1-ab10-a10a7b3d628f,Selene142 Leuschke194,F,PHYSICIAN ASSISTANT,100 ELM ST,EVERETT,MA,02149-5128,42.405938,-71.054649,0
92bcbf07-a78f-39a6-87bd-a39f4eda2263,d7d965c6-deeb-39e1-ab10-a10a7b3d628f,Winfred745 Berge125,M,RHEUMATOLOGY,100 ELM ST,EVERETT,MA,02149-5128,42.405938,-71.054649,0
d781b2e1-b27f-37aa-91e5-ce912a269c65,d7d965c6-deeb-39e1-ab10-a10a7b3d628f,Julee121 Berge125,F,FAMILY PRACTICE,100 ELM ST,EVERETT,MA,02149-5128,42.405938,-71.054649,0
32f2f67d-1fa7-3ce5-9531-3f3b4eb39b54,d7d965c6-deeb-39e1-ab10-a10a7b3d628f,Winfred745 Berge125,M,GENERAL PRACTICE,100 ELM ST,EVERETT,MA,02149-5128,42.405938,-71.054649,66
a6e77f21-fcd6-3691-9152-b12f6d044066,d7d965c6-deeb-39e1-ab10-a10a7b3d628f,Julee121 Berge125,F,PLASTIC AND RECONSTRUCTIVE SURGERY,100 ELM ST,EVERETT,MA,02149-5128,42.405938,-71.054649,0
0d9af45f-e8cb-3389-b953-ae95ad0194e4,d7d965c6-deeb-39e1-ab10-a10a7b3d628f,Julee121 Berge125,F,INTERNAL MEDICINE,100 ELM ST,EVERETT,MA,02149-5128,42.405938,-71.054649,0
92495995-de58-321d-8175-9127cee29eb0,d7d965c6-deeb-39e1-ab10-a10a7b3d628f,Janette321 Bradtke547,F,INTERNAL MEDICINE,100 ELM ST,EVERETT,MA,02149-5128,42.405938,-71.054649,0
35beefe5-a81b-3f40-8192-b18d6a2a7969,d7d965c6-deeb-39e1-ab10-a10a7b3d628f,Antonetta450 Jast432,F,INTERNAL MEDICINE,100 ELM ST,EVERETT,MA,02149-5128,42.405938,-71.054649,0
18e73342-8655-3d1b-9de1-c02b8ba353d4,d7d965c6-deeb-39e1-ab10-a10a7b3d628f,Afton574 Farrell962,F,INTERNAL MEDICINE,100 ELM ST,EVERETT,MA,02149-5128,42.405938,-71.054649,0
72a2ad27-f0dc-30bc-8207-7b255bf557dd,d7d965c6-deeb-39e1-ab10-a10a7b3d628f,Edgardo196 Lueilwitz711,M,INTERNAL MEDICINE,100 ELM ST,EVERETT,MA,02149-5128,42.405938,-71.054649,0
84091402-4d4d-3127-9d38-956728bb156b,d7d965c6-deeb-39e1-ab10-a10a7b3d628f,Bobby524 Hilpert278,F,INTERNAL MEDICINE,100 ELM ST,EVERETT,MA,02149-5128,42.405938,-71.054649,0
5a37839e-8e67-3c1c-95e3-6e0a84ec46a2,d7d965c6-deeb-39e1-ab10-a10a7b3d628f,Melva551 Jacobi462,F,INTERNAL MEDICINE,100 ELM ST,EVERETT,MA,02149-5128,42.405938,-71.054649,0
7633ee29-d073-345c-8c6d-7453a64dff22,d7d965c6-deeb-39e1-ab10-a10a7b3d628f,Wade235 Emmerich580,M,INTERNAL MEDICINE,100 ELM ST,EVERETT,MA,02149-5128,42.405938,-71.054649,0
0d2dccb3-8206-30d7-894e-92072714c2d8,d7d965c6-deeb-39e1-ab10-a10a7b3d628f,Cody889 Littel644,M,INTERNAL MEDICINE,100 ELM ST,EVERETT,MA,02149-5128,42.405938,-71.054649,0
51a446a4-7e11-3c0c-909c-c625c640abff,d7d965c6-deeb-39e1-ab10-a10a7b3d628f,Horace32 McClure239,M,INTERNAL MEDICINE,100 ELM ST,EVERETT,MA,02149-5128,42.405938,-71.054649,0
37e89cd0-cb5e-3938-aa14-e7683a3560ad,d7d965c6-deeb-39e1-ab10-a10a7b3d628f,Winfred745 Berge125,M,GASTROENTEROLOGY,100 ELM ST,EVERETT,MA,02149-5128,42.405938,-71.054649,0
4ad150f2-64b8-3fcb-9b1e-82889e8a7c4e,d7d965c6-deeb-39e1-ab10-a10a7b3d628f,Winfred745 Berge125,M,HEMATOLOGY/ONCOLOGY,100 ELM ST,EVERETT,MA,02149-5128,42.405938,-71.054649,0
eb6046bb-0a90-3ec7-ba76-b4de0823b7e0,d7d965c6-deeb-39e1-ab10-a10a7b3d628f,Devon268 Bradtke547,M,HEMATOLOGY/ONCOLOGY,100 ELM ST,EVERETT,MA,02149-5128,42.405938,-71.054649,0
5d4ebeb9-8c8e-3844-b1c2-766d1b2bb5e7,a6c98be1-f030-36ea-9d4a-a6a534fe6b2a,Emilio417 McGlynn426,M,PHYSICAL THERAPY,160 N MAIN ST,CARVER,MA,02330-1349,41.875178999999996,-70.74671500000001,0
6609ac62-0d4f-32b0-b68c-4c013c6bb25a,a6c98be1-f030-36ea-9d4a-a6a534fe6b2a,Becky854 McGlynn426,F,GENERAL PRACTICE,160 N MAIN ST,CARVER,MA,02330-1349,41.875178999999996,-70.74671500000001,51
46b4d8d9-d633-366c-a009-7f3daa2cce26,cbccdff0-5324-385f-9100-d86731aa54c0,Margart214 Zboncak558,F,GENERAL PRACTICE,100 CUMMINGS CTR,BEVERLY,MA,01915-6128,42.556659,-70.84496,29
fe217e5a-d7f3-3e85-a0fe-eae870c539d1,899a59b7-83d9-3d34-8f3a-23c813c24291,Eldon28 Lynch190,M,PHYSICAL THERAPY,400 FRANKLIN ST,BRAINTREE,MA,02184-5542,42.205416,-71.00216800000003,0
f80e7fdb-c8bc-367d-ac20-8cbf99c95da0,899a59b7-83d9-3d34-8f3a-23c813c24291,Rogelio17 Hirthe744,M,PHYSICAL THERAPY,400 FRANKLIN ST,BRAINTREE,MA,02184-5542,42.205416,-71.00216800000003,0
7eda824c-8e20-30dd-b32d-127c3d0f021d,899a59b7-83d9-3d34-8f3a-23c813c24291,Shanika235 Waelchi213,F,PHYSICAL THERAPY,400 FRANKLIN ST,BRAINTREE,MA,02184-5542,42.205416,-71.00216800000003,0
25a0aaa5-b9df-3536-af23-85eb64aa8dd8,899a59b7-83d9-3d34-8f3a-23c813c24291,Robbin22 Ritchie586,F,PHYSICAL THERAPY,400 FRANKLIN ST,BRAINTREE,MA,02184-5542,42.205416,-71.00216800000003,0
be3a8363-6973-39ef-a937-9ec02f7dc9c3,899a59b7-83d9-3d34-8f3a-23c813c24291,Cornell131 Lockman863,M,PHYSICAL THERAPY,400 FRANKLIN ST,BRAINTREE,MA,02184-5542,42.205416,-71.00216800000003,0
c7dd0903-2221-312b-9b4f-739414ab5bc0,899a59b7-83d9-3d34-8f3a-23c813c24291,Creola518 McDermott739,F,PHYSICAL THERAPY,400 FRANKLIN ST,BRAINTREE,MA,02184-5542,42.205416,-71.00216800000003,0
bf2fe4ce-c79d-396a-9ebd-f458ce378134,899a59b7-83d9-3d34-8f3a-23c813c24291,Carolina179 Bañuelos542,F,PHYSICAL THERAPY,400 FRANKLIN ST,BRAINTREE,MA,02184-5542,42.205416,-71.00216800000003,0
b96e3799-885d-361e-b6d8-aa98d9f5e237,899a59b7-83d9-3d34-8f3a-23c813c24291,Trinidad33 Rempel203,M,PHYSICAL THERAPY,400 FRANKLIN ST,BRAINTREE,MA,02184-5542,42.205416,-71.00216800000003,0
9842b5ef-a2e5-3b3f-bc22-5b57fb9ef384,899a59b7-83d9-3d34-8f3a-23c813c24291,Jay242 Batz141,M,PHYSICAL THERAPY,400 FRANKLIN ST,BRAINTREE,MA,02184-5542,42.205416,-71.00216800000003,0
a30f5c17-364a-33a5-a1cc-26e72f2e75cd,899a59b7-83d9-3d34-8f3a-23c813c24291,Ozzie259 Stiedemann542,M,PHYSICAL THERAPY,400 FRANKLIN ST,BRAINTREE,MA,02184-5542,42.205416,-71.00216800000003,0
9cf04c3e-cb1c-3abe-82c5-ee32e7d975d9,899a59b7-83d9-3d34-8f3a-23c813c24291,Pa577 Lynch190,F,GENERAL PRACTICE,400 FRANKLIN ST,BRAINTREE,MA,02184-5542,42.205416,-71.00216800000003,27
b442b282-e4da-3c53-a2d4-9e4327445de2,f66dc930-9afa-3994-8676-0c23f1d3d7a3,Duncan491 Spencer878,M,NURSE PRACTITIONER,18 MAIN ST HARBOR VLG,TOWNSEND,MA,01469-1300,42.66495,-71.712025,0
96041a70-0735-32c1-a269-ba736ef02507,f66dc930-9afa-3994-8676-0c23f1d3d7a3,Joseph689 Okuneva707,M,NURSE PRACTITIONER,18 MAIN ST HARBOR VLG,TOWNSEND,MA,01469-1300,42.66495,-71.712025,0
b81681af-418b-3e81-9c57-bc81242fb1e6,f66dc930-9afa-3994-8676-0c23f1d3d7a3,Gabriel934 Arreola736,M,FAMILY PRACTICE,18 MAIN ST HARBOR VLG,TOWNSEND,MA,01469-1300,42.66495,-71.712025,0
3502a0d2-cd61-3153-8edc-0411abe2d689,f66dc930-9afa-3994-8676-0c23f1d3d7a3,Ilona639 Okuneva707,F,FAMILY PRACTICE,18 MAIN ST HARBOR VLG,TOWNSEND,MA,01469-1300,42.66495,-71.712025,0
d29f7c32-68e1-3821-887e-f1083acc1be9,f66dc930-9afa-3994-8676-0c23f1d3d7a3,Duncan491 Spencer878,M,GENERAL PRACTICE,18 MAIN ST HARBOR VLG,TOWNSEND,MA,01469-1300,42.66495,-71.712025,30
c9aea74d-4661-3062-89df-29c5f03b8550,b8e926d3-93fe-3118-ae14-604751bfa993,Vina438 Wiza601,F,NURSE PRACTITIONER,1000 BROADWAY,CHELSEA,MA,02150-2247,42.396824,-71.031348,0
6dcd1d84-2825-3100-87bd-641dca32b6fd,b8e926d3-93fe-3118-ae14-604751bfa993,Thomasine260 Schiller186,F,NURSE PRACTITIONER,1000 BROADWAY,CHELSEA,MA,02150-2247,42.396824,-71.031348,0
6fb0e354-a740-3836-aa4a-3c20196fa6a5,b8e926d3-93fe-3118-ae14-604751bfa993,Gerry91 Hauck852,M,NURSE PRACTITIONER,1000 BROADWAY,CHELSEA,MA,02150-2247,42.396824,-71.031348,0
68fbb749-da24-30a4-ade2-08cc9c9edfe9,b8e926d3-93fe-3118-ae14-604751bfa993,Tim88 Crist667,M,NURSE PRACTITIONER,1000 BROADWAY,CHELSEA,MA,02150-2247,42.396824,-71.031348,0
76f6ffc9-9aa1-3101-8d28-b35dac72d681,b8e926d3-93fe-3118-ae14-604751bfa993,Rhiannon677 Konopelski743,F,NURSE PRACTITIONER,1000 BROADWAY,CHELSEA,MA,02150-2247,42.396824,-71.031348,0
b12e5f94-219a-3d78-9408-e790d138284f,b8e926d3-93fe-3118-ae14-604751bfa993,Vina438 Wiza601,F,GENERAL PRACTICE,1000 BROADWAY,CHELSEA,MA,02150-2247,42.396824,-71.031348,43
29a1b285-ca52-36f6-bc06-d2222336b4c0,b8e926d3-93fe-3118-ae14-604751bfa993,Vina438 Wiza601,F,INTERNAL MEDICINE,1000 BROADWAY,CHELSEA,MA,02150-2247,42.396824,-71.031348,0
1d895920-a659-37d7-8f37-6654b89f1fd1,b8e926d3-93fe-3118-ae14-604751bfa993,Herschel574 Schiller186,M,INTERNAL MEDICINE,1000 BROADWAY,CHELSEA,MA,02150-2247,42.396824,-71.031348,0
4fb97bdc-ee52-32ed-a0d7-62e1602d1d79,b8e926d3-93fe-3118-ae14-604751bfa993,Gerry91 Hauck852,M,INTERNAL MEDICINE,1000 BROADWAY,CHELSEA,MA,02150-2247,42.396824,-71.031348,0
37094e75-b602-338f-b295-86e733323c8d,b8e926d3-93fe-3118-ae14-604751bfa993,Alberta625 Crist667,F,INTERNAL MEDICINE,1000 BROADWAY,CHELSEA,MA,02150-2247,42.396824,-71.031348,0
78aebb50-1a0f-33b6-b610-d5374008f46d,b8e926d3-93fe-3118-ae14-604751bfa993,Dan465 Konopelski743,M,INTERNAL MEDICINE,1000 BROADWAY,CHELSEA,MA,02150-2247,42.396824,-71.031348,0
6a306642-b3b1-3151-b0bf-7df6b81ec430,b8e926d3-93fe-3118-ae14-604751bfa993,Normand813 Grady603,M,INTERNAL MEDICINE,1000 BROADWAY,CHELSEA,MA,02150-2247,42.396824,-71.031348,0
80b8537a-d399-3a9a-9453-1b5cb3d5b4fe,b8e926d3-93fe-3118-ae14-604751bfa993,Stacey209 Simonis280,F,INTERNAL MEDICINE,1000 BROADWAY,CHELSEA,MA,02150-2247,42.396824,-71.031348,0
47dd2d49-e71e-32cc-baec-bbb4aa3f40c0,b8e926d3-93fe-3118-ae14-604751bfa993,Shakita329 O'Connell601,F,INTERNAL MEDICINE,1000 BROADWAY,CHELSEA,MA,02150-2247,42.396824,-71.031348,0
7a066753-ca8c-3e46-bbe1-f30f607f0cd9,dd169833-ba50-3b0a-8a76-c37ed6489a36,Elisa944 Elizondo706,F,GENERAL PRACTICE,482 BEDFORD ST,LEXINGTON,MA,02420-1402,42.445221999999994,-71.23001500000001,53
58174bda-ee20-3a8e-a416-a185a59ddda4,3b2fe9e1-cada-3a8e-972a-dca038df6e0c,Corey514 Morissette863,F,GENERAL PRACTICE,1661 WORCESTER RD,FRAMINGHAM,MA,01701-5405,42.307905,-71.436196,35
6afa85b6-0ba7-3c76-a08c-3aae429b43b2,bba0fa54-3895-32a5-ab7f-2d47093c20d3,José3 Madrid123,M,GENERAL PRACTICE,281 E HARTFORD AVE,UXBRIDGE,MA,01569-1278,42.061166,-71.643628,53
a2078352-a3bd-31ec-85da-d647088686c9,628b00ad-b487-3dde-aad7-a81029a2d745,Donnell534 Moore224,M,GENERAL PRACTICE,1180 BEACON ST,BROOKLINE,MA,02446-3806,42.323853,-71.142003,13
c6af9823-0bfe-3d20-9108-f0d38a971d24,b62a2f26-b410-32e0-b1c0-b94161f3a7c4,Ian270 Fahey393,M,CLINICAL SOCIAL WORKER,19 PINE RD,FORESTDALE,MA,02644-1413,41.683488,-70.510786,0
dac2457f-421d-3a98-94f5-954e5ae5764f,b62a2f26-b410-32e0-b1c0-b94161f3a7c4,Tabitha433 Bayer639,F,CLINICAL SOCIAL WORKER,19 PINE RD,FORESTDALE,MA,02644-1413,41.683488,-70.510786,0
e5485d2f-dc2f-3291-b91b-50621f613657,b62a2f26-b410-32e0-b1c0-b94161f3a7c4,Mckinley734 Hills818,M,CLINICAL SOCIAL WORKER,19 PINE RD,FORESTDALE,MA,02644-1413,41.683488,-70.510786,0
13e05bf5-d237-35a6-b236-29603547bcc0,b62a2f26-b410-32e0-b1c0-b94161f3a7c4,Olivia294 Gutiérrez115,F,GENERAL PRACTICE,19 PINE RD,FORESTDALE,MA,02644-1413,41.683488,-70.510786,69
4e4b0426-ef66-33c6-9d62-e6c516aed078,cbd9a9db-81e3-3e29-b92c-2948953b5980,Alexander630 Green467,F,CERTIFIED NURSE MIDWIFE,18 HOSPITAL DR,HOLYOKE,MA,01040-6604,42.211656,-72.642448,0
1094c18b-ba06-3595-b584-fe9f03dac6d4,cbd9a9db-81e3-3e29-b92c-2948953b5980,Ernesto186 Green467,M,GENERAL PRACTICE,18 HOSPITAL DR,HOLYOKE,MA,01040-6604,42.211656,-72.642448,35
0cfc7f70-cb16-37de-a530-627819b60c25,9a01482a-dc55-3916-9fe9-016717fe40a4,Savanna736 Reichert620,F,GENERAL PRACTICE,73 W MAIN ST,HOPKINTON,MA,01748-1619,42.224096,-71.54048900000001,12
29009b07-2b5a-307a-a314-b953d011895a,c99d0534-fc55-3d43-89da-a97ca9736942,Sona831 O'Keefe54,F,GENERAL PRACTICE,119 SUMMIT AVE,WINTHROP,MA,02152-1037,42.375541,-70.970646,30
6db8b70d-7ff3-3dd7-9f4e-4f66101181be,0d1563c1-d56c-362e-9e3d-d74463ebbe0f,Rod343 Ritchie586,M,GENERAL PRACTICE,629 PLEASANT STREET,BROCKTON,MA,2301,42.0892313,-71.04551,1
f1229bef-5a01-3dc1-abca-932a190b86d6,4e916854-3a59-3f17-bb16-7c406148d822,Retta782 Botsford977,F,GENERAL PRACTICE,1399 WASHINGTON STREET,HANOVER,MA,2339,42.144202,-70.844005,3
be2b29f9-7181-314c-85b5-521657841c93,a76bda1d-f42d-3046-b8c6-021f3db0a086,Cedrick207 Reilly981,M,GENERAL PRACTICE,808 MAIN STREET,WALTHAM,MA,2451,42.3760766,-71.242893,5
29fc32ae-9c59-37f7-9c4a-837bdf6b1553,3265f387-6c51-32ee-8f6d-b2a89caa34d5,Wes853 Koepp521,M,GENERAL PRACTICE,151 EVERETT AVENUE,CHELSEA,MA,2150,42.3961274,-71.0392206,4
7c3d4509-0b42-35e1-854b-19b416db76a8,ff9474cb-cf9c-350a-a22b-b949ee9793cf,Roni48 Dare640,F,GENERAL PRACTICE,1515 ALLEN STREET,SPRINGFIELD,MA,1118,42.0951927,-72.5094159,3
637f1cc5-21d7-3a16-ac0a-9db8605b96c3,cbbee84d-7644-3b24-9f41-e3747f5050df,Víctor493 Pulido715,M,GENERAL PRACTICE,26 QUEEN STREET,WORCESTER,MA,1610,42.2590345,-71.8139319,6
6938f0dd-8388-3ad1-83e7-355c1a0d6ede,f1313c7d-3148-335b-adc3-337f15567b82,Taylor21 VonRueden376,M,GENERAL PRACTICE,500 SALEM STREET,WILMINGTON,MA,1887,42.5805281,-71.1438654,1
48dea660-cce8-3b6f-88e9-b6492a519c98,df5a38ee-e493-3572-8f92-bb695aef9891,Hernán834 Monroy712,M,GENERAL PRACTICE,489 BEARSES WAY,HYANNIS,MA,2601,41.6624796,-70.3008223,10
9ec8e860-8ff7-3a9d-979b-2ed4dcfa1e27,b81688f5-bd0e-3c99-963f-860d3e90ab5d,Milford485 Treutel973,M,GENERAL PRACTICE,581 BOYLSTON STREET,BOSTON,MA,2116,42.3505548,-71.0766054,2
bf40ce53-a095-3cc9-85bd-63b96139c80f,6e62e63b-c39a-3211-99d8-8b8f0f06774e,Arlen68 Nitzsche158,M,GENERAL PRACTICE,19 TACOMA STREET,WORCESTER,MA,1605,42.3023113,-71.7661395,1
3e4b2a44-9478-36d8-9054-af582e101f48,62fa9127-485f-3032-87cc-6576d91fec94,Normand813 Gleichner915,M,GENERAL PRACTICE,1 ESSEX CENTER DRIVE,PEABODY,MA,1960,42.5369864,-70.9465423,5
68a1a4e5-046b-37d0-9ea2-afe1a0f66f74,b60f8daf-0362-3c28-9b54-216e7f3e80bd,Boris111 Anderson154,M,GENERAL PRACTICE,1 TROWBRIDGE ROAD,BUZZARDS BAY,MA,2532,41.740785,-70.5980121,17
6e074082-8763-3a22-a560-b2743b9b1bec,d672f853-e2a5-324e-98fa-c6d5f8dfc255,Edmundo94 Wuckert783,M,GENERAL PRACTICE,9 HOPE AVENUE,WALTHAM,MA,2453,42.3700513,-71.2490152,13
849aca68-dc6f-3717-a283-676b210bdaec,98d42012-384f-39d9-b210-cc654b9441f6,Marco Antonio298 Mesa630,M,GENERAL PRACTICE,525 LONG POND DRIVE,HARWICH,MA,2645,41.722586,-70.0372004,8
05aa014d-05bf-346c-8835-503dad362b71,b06770b5-b695-3c1a-9685-ae2223966ff7,September423 Bosco882,F,GENERAL PRACTICE,66 SOUTH WASHINGTON STREET,NORTH ATTLEBORO,MA,2760,41.9799756,-71.3329695,3
9ca3879d-0cec-359a-b1d8-b5737cbb6379,a9afd4c9-8443-3b5a-a486-07c3bb109b3f,Sammie902 DuBuque211,M,GENERAL PRACTICE,444 MONTGOMERY STREET,CHICOPEE,MA,1020,42.1718584,-72.5849672,1
8e5e83f4-79a3-3f6f-8ad6-c74beda68ba9,9b5f23f1-c387-3a77-9359-752d26d7f997,Donald774 Simonis280,M,GENERAL PRACTICE,250 PARADISE ROAD,SWAMPSCOTT,MA,1907,42.47636,-70.9125322,8
72caea0a-e201-36dc-b9fd-4c2b3d560fa2,108ccece-277a-396f-8bf2-1527f74458eb,Rodger755 Kilback373,M,GENERAL PRACTICE,51 LOCUST STREET,NORTHAMPTON,MA,1060,42.3323152,-72.6545646,1
08533342-0e54-3b1a-989d-7a24f2a3087d,0f7f97f6-693c-3de9-8190-85feaf4632e2,Malcolm243 Denesik803,M,GENERAL PRACTICE,1 HARBORSIDE DRIVE,EAST BOSTON,MA,2128,42.3634497,-71.0256963,4
aacb42a1-73e4-35a1-b4a1-85062e0893b6,308b5efa-a9c2-3728-b1ff-d29c5f060731,Violeta106 Walter473,F,GENERAL PRACTICE,630 PLANTATION STREET,WORCESTER,MA,1605,42.2925591,-71.7603169,1
3ab2585a-a44c-36b7-aa56-cbe6e25bdbe6,90cf148c-69ed-3d33-aa86-b509c6b0b25f,Karoline975 Bailey598,F,GENERAL PRACTICE,170 GOVERNORS AVENUE,MEDFORD,MA,2155,42.4259086,-71.1113649,2
